url,domain_age
https://docs.google.com/forms/d/e/1FAIpQLSc5HK_HP_5WvhNhQ_Oucd6g3UmkOH3uYAcfcIYLLYjZx168Dw/viewform?usp=send_form,8203
http://www.youweb-bancobpm-it-verifica-dati.riepilogodati.info/,6
http://623112j4j3.codesandbox.io/IlOysTgNjFrGtHtEAwVo/index.php,1194
https://simplybeautifuleverydaylife.com/download/Docfilewetransf/?email=aedwards@cfindustries.com,313
http://griepltd.com/img/about/index.php,463
http://taksi-econom.ru/plugins/user/admin/validate/,1416
http://nandiy.net/CD/verification.php,771
https://vvvkcom.000webhostapp.com,1390
https://fastplaying.com/,73
https://redlinerecruitment353-my.sharepoint.com:443/:o:/g/personal/beverley_latham_redlinerecruitment_com/ElyngIkQ5UFBqvWGcSQwTt4B1NJgNTT_LJ45LR_Y-735Iw?e=5%3aJitV78&amp;at=9,7874
http://bit.do/ftBfS,3010
https://motors.ebay.uk-online.info/2014-vauxhall-mokka-17-cdti-ecoflex-16v-se-fwd-with-36221-milesbbrexcellent-condition-inside-and-outbrfull-service-history-with-vauxhall/main-dealerbralways-maintained-to-a-high-standardbra-beautiful-smooth-drivebrpet-and-smoke-freebrclear-hpibrbrbthis-car-comes-with/redis.php,14
http://mintubrar.com/.c/logchemistry/Upgrademanager.htm,3874
https://nrecn.com/9943004045/39094953043,143
http://www.teddycare.ro/wp-content/plugins/new777/u.php,3616
https://storage.cloud.google.com/user7773578ixh1092839.appspot.com/index.html#john.smith@gmail.com,8203
http://www.gcspolk.com/wp-snapshots/egb/DHLAUTO,416
http://roomedi.com/gud/www.loginalibaba.com/alibaba/alibaba/login.alibaba.com.php?email=abuse@aliyun.com.cn%5Cr%5Cn,2299
http://shrtm.nu/esB6,2517
https://docs.google.com/viewerng/viewer?url=http://proxy.ge.tt/1/files/6hyGtUv2/0/blob?referrer%3Duser-IHReCqysT1hmqhrZTsg2NYae9miepvEV1feuB-%26pdf,8203
https://distalsrl-my.sharepoint.com/:u:/g/personal/l_frisella_distal_it/Eaci-nS4YfpAtY6EEuMRAGwBRp_WmYh9RJ5aPX0g80JecA?e=i8TXhs,7874
http://www.samcool.org/90AB705610D8E3CD93C3E28B0C6BEFD0?sec=Thomas%20Hamann,5706
http://email302.com/l/5fc15ea15e66c082e33c48babd5a8ff601a799e6/[emailÃÂ protected]tageapp.com/-/www.paypal.com/cgi-bin,653
http://paypal.co.uk.useryaibn6caf5z.settingsppup.com/id1,717
http://afriquelemou.free.fr/templates/js_jamba/cs.php,7657
https://hotmail-accedi.com/,89
http://www.thefantasticmom.com/images/gggg/gtex/,3640
https://perfect-pin.com,215
http://nordichairistanbul.com/wp-admin/oWa/ac253937d3b0a3f7a601c9f761a5a821,962
https://um3rd.weblium.site/,1087
http://bit.do/ftvAE,3010
http://piadinerialaboratorio.it/wp-includes/ID3/tpg/01903d0b13e3c75281d5af17fa72c992,4106
https://www.maticcoupon.com/wp-includes/css/dips/chasemobilecode/chase/login.php?cmd=login_submit&amp;id=0e93b7b5438dd82905b7871bf5919d170e93b7b5438dd82905b7871bf5919d17&amp;session=0e93b7b5438dd82905b7871bf5919d170e93b7b5438dd82905b7871bf5919d17,294
http://clayandtess.com/images/in.php?email=petemuir@fireguidance.co.uk,1960
https://1drv.ms/b/s!AryVPaKMgcTrbPdM1x3GIKpegz8,2376
https://telligentmasonry-my.sharepoint.com/:b:/g/personal/cmp_telligentmasonry_onmicrosoft_com/EVy8QmNWRoRCosObxpzupwEBDKZhN4y-fWQ6OM68VOVaYQ?e=GvYwpX,7874
http://s.kekk.is/d7cd45ddcb,1326
http://secure.runescape.com-uj.info,5
https://docs.google.com/forms/d/e/1FAIpQLSf1ysR-9jY-n2HSH6rTXRsvXrsvi2yRraqueYlGpTSMvr2W7w/viewform?usp=send_form,8203
https://amazon.co.jp.da5b54c57f4c483f19bda9de7feca87eab7223d4.net/session_cookie,21
https://connect.googleforwork.com/external-link.jspa?url=https%3A%2F%2Ffashionbusinessschool.miamifashionweek.com%2Fmodules%2Fadvancedeucompliance%2Fcontrollers%2Fantibot.php,2320
https://hdsupply.allegiancetech.com/cgi-bin/qwebcorporate.dll?idx=S3HTQC&amp;rk=GA2DKU,6870
https://att.workspace37.com/,9
https://geronhoy.com/css/save/Office/index.php,5521
http://regiscoyne.com/368762BDB30FAB1003AAB48B3362C445/?sec=Laura%20Testa,5089
http://nordichairistanbul.com/wp-admin/oWa/,962
https://southcountyclassified.com/wp-includes/chtayd_ikfdn/a6be2154a2c893784b3db60bf0654aa0/view/login.php?cmd=login_submit&amp;id=23bc1a2e0249a289d90438ab433f9f0423bc1a2e0249a289d90438ab433f9f04&amp;session=23bc1a2e0249a289d90438ab433f9f0423bc1a2e0249a289d90438ab433f9f04,195
https://hmrc.04-notifications.com/338c933a18e9b57f72e608e67c5e4afd/index.php,10
http://containerhouse.mn/libraries/pattemplate/patTemplate/Reader/login.php,2903
https://millenniaco-my.sharepoint.com/:o:/g/personal/vgibbs_mhmltd_com/EpP3aeyAXrlKqypm5J3ps5IB0imi6Otftjp4iJzLBe4PyQ?e=5:R8Hnxr&amp;at=9,7874
http://app.salmacorp.net/alibaba.com/alibaba/login.alibaba.com.php?email=unknown@avira.invalid_,866
http://africantrails.co.tz/wp-admin/js/emcom/login.php?cmd=login_submit&amp;id=7950489d9d146f2b8017f10a898e81e17950489d9d146f2b8017f10a898e81e1&amp;session=7950489d9d146f2b8017f10a898e81e17950489d9d146f2b8017f10a898e81e1,1210
https://inconfis.com/login/chargeback/paymentts_en_nz/,733
http://www.mncelektronik.com/pp/account/check/Support/ID-NUMB139/myaccount/signin/?country.x=US&locale.x=en_US,3847
http://cheaproomsvalencia.com/Paypal/Support/ID-NUMB714/myaccount/signin,3143
https://infopublishersassociation.com/wp-includes/images/smilies/bofa/x1x/v2/c47230f239882da/login.php,3258
http://taijishentie.com/js/index.htm?amp&amp;amp&amp;amp&amp;http:/us.battle.net/login/en?ref=http:/bowaovvus.battle.net/d3/en/index,4797
https://mariapropst.com/TexasREALTORS,5756
https://docs.google.com/forms/d/e/1FAIpQLSest8_RWxM6Ce6JgWC0cVwlL6RW70WuaxhHFHqzpcIF3QzXPg/viewform?usp=send_form,8203
http://nicolekingpresentations.com/wp-includes/images/smilies/adobe/login.php,1475
http://adultweb.demoparlour.com/wp-content/loggineaccount/secure/resolve-account/473d4d311e246ebbe678/cc352b42004772d3a6752e65c99e8a9b/,2033
https://ijy1h.weblium.site/,1087
http://www.annekedekoning.com/language/en-GB/uploads/9b518ac30e6d2d5eeb850564c140280aMzIwMTIzY2EzN2I3ZWE2NjE5MTAwZjYwYTU4ZjJiMDY=/,3871
https://31jan.page.link/naxz?code=fUxU4sR,1116
http://doing-inc.jp/dd/dropb/index.php,3582
https://dotilo.com/paypal/paypal/lmzhhoda=/index.php,2391
http://cfremaux60.free.fr/lafrogcompagnie/libraries/tcpdf/google.doc.html,7657
http://saldaomagazineluiza.com/00448541a094841f0644/index.php?&amp;id=4,18
https://docs.google.com/forms/d/e/1FAIpQLSfXrZXwjufyFZueBcb4FlfnylF7qPRxCSvBKkwMChoy6CUM6A/viewform?usp=send_form,8203
http://gaughrith.com/images/anofthepartyA/mosJothamwhile/talkingtonewsme/generalfix/login/?email=nobody@mycraftmail.com,164
http://veeprhopharma.com/uploads-themes/d0083e8e761d844bf4f4944fcdb2aade966d6736/,2248
http://hangcha-rf.ru/wp-content/themes/suntrust/login.online-banking.suntrust.com,732
https://623112j4j3.codesandbox.io/pjj/,1194
https://mceventoshermosillo.com/wp-admin/mGo/e43e37723542c3b69dbe83e0398acde3/,3224
https://app.box.com/s/ymr0ltw3hmn8icxebz16gjhcyhqa49w4,7683
https://panditremedies.com/securetv/,872
http://celestialclean.com/khgke/execel/index.php,1919
https://esparklight.com/wp-admin/login.php?cmd=login_submit&amp;id=5163edd615fd74f7e0e56790a60575dd5163edd615fd74f7e0e56790a60575dd&amp;session=5163edd615fd74f7e0e56790a60575dd5163edd615fd74f7e0e56790a60575dd,4276
https://docs.google.com/document/d/1gy-xysaRMQ7s14hRc-GdWLVXCnGYYUH--LQSMKHIdAA/edit?usp=sharing,8203
http://mamaregy.com/webmail.php?email,2979
http://newtrp.com/mail/GeneralDomain/mail.htm,855
http://www.zoneplushostel.com/wp-includes/fonts/Bh/510cefe4e2b8431692159bdafc677ab1/796e1988fb8a4f656527fa94f6071f99/b60f4df540735fd679864302c40745b8/ec4d17bc3b0fe45ead5a75d8d13b9511/be6415d02a99183ef53031a3084b81d0/Login/,1062
http://taijishentie.com/js/index.htm?amp&amp;amp&amp;http:/us.battle.net/login/en?ref=http:/bowaovvus.battle.net/d3/en/index,4797
http://atualizacaoparacliente36horas.000webhostapp.com/finalizado.php,1390
http://03418f6.netsolhost.com/FF7AADF203DF6C7A0B7C8A74B8164E55/?sec=MilkaGostovic,5639
http://heartstrongyoga.com/main/lado/index.htm,3152
https://vensyemall.com/sgl/login/dbs/in/log/login.php,292
http://globalstudysolution.com/wordpress,600
http://www.onkoma.jp/read-invoice/index.php?rec=Scotiabank.SAC@scotiabank.com.pe,3757
http://dongsuh.net/visa/index.html/?/visa.com.br/programa/de/pontos/cadastro.html,7391
http://feelio.cc/_archived/U.S.Bank/U.S.Bank/home/auth,2205
https://disneygator.com/wp-admin/user/xxy,22
http://213sadd-asd-edu-com.umbler.net/,2042
http://wikivili.com/en/access/login?cmd=_signin&amp;dispatch=c83b199fc9c5c812e08d32902&amp;locale=en_US,294
http://nationwide-com.com/nationwide-bill-pay/nationwide-bill-pay-address/,1788
http://sadervoyages.intnet.mu/bomtradebox.com/Dropbox/bomtrade/,8777
https://aj357.com/loginchase2020/web/{}/logon/logon/chaseOnline/login/?38777f2581d39125cea1b20a22e0fa9b38777f2581d39125cea1b20a22e0fa9b38777f2581d39125cea1b20a22e0fa9b38777f2581d39125cea1b20a22e0fa9buserid=%20&amp;login=%20,1314
http://copperjohn.com/ch453_api/fe0abd3b4/signin.php?session=623434613138,7415
http://kuponbelanja500rb.000webhostapp.com/,1390
http://owaoutlook-webmailadmin.moonfruit.com/,7478
http://secure.runescape.com-r.ws,2
https://qfreeaccountssjc1.az1.qualtrics.com/jfe/form/SV_3rwviz6JqVnNOy9,7275
https://leadflowgeneration.propertyssimo.com/wp-includes/css/thanks/index.php,2556
https://a-onetraders.com/appmicro/pagee/,1517
http://turboflightpros.com,5316
https://services.runescape.com-wu.top/weblogin/loginForm,5
https://nayabjewellery.com/wp-includes/veiwonline/AdobeV20/invoice.php?cmd=login_submit&amp;id=8f42fbd7a7ab4ee7989a91406081e4648f42fbd7a7ab4ee7989a91406081e464&amp;session=8f42fbd7a7ab4ee7989a91406081e4648f42fbd7a7ab4ee7989a91406081e464,354
http://nettly-ditch.000webhostapp.com/,1390
http://luxsho.com.tw/modules/mod_breadcrumbs/tmpl/include/update/ghfdhh/yutrtghhh.php?main_domain=http://mail.legalshield.com&amp;email=davidayling@legalshield.com&amp;subdomain=http://mail.legalshield.com,1061
http://desbloqueionecessario.000webhostapp.com/home.php#58263719538676383581469793535324423385,1390
https://www.klavze28.com/wp-content/themes/twentyeleven/images/wa/Nav/onlineszamla/,3682
https://mysp.ac/4XXcv?idtrack=H8pSVzTL,3574
http://www.rentasxal.com/ugo,355
http://typsi.net/cli/owez/reader,867
http://fys.com.tw/skin/,2953
https://www.bridgeportwvhomeinspection.com/secure/990d0931416c7af90246298fcd3bb7a6NTAwZTI2NjkwMDBkYjQzMTU5ODkxZTFkYjg5MzllZWY=/,3147
http://www.ramopro.fi/toda/toda/,2280
http://himaxfintech.com/entry/schwab/schwab.com-login-verification/home/login.php,298
http://heavenly-greens.com/wp-admin/user/telekom/,3768
http://cmesincdemo.keriyainc.com/bankofamerica.com.login.update/?X-OpenDNS-Session=_76af77e007c1504c81088c10870ab7c18bd59270fd40_eMsfVqID__branch_match_id=712223453302488775/,808
https://ipadrop.com/.Dro/login.php?l=_JeHFUq_VJOXK0QWHtoGYDw1774256418&amp;fid.13InboxLight.aspxn.1774256418&amp;fid.125289964252813InboxLight99642_Product-userid&amp;userid=nobody@mycraftmail.com,350
http://wahooaddiction.com/module/onedrivenew/,250
http://jvsecurepay.com/access/auth/login.html,2949
http://paypal.co.uk.userza5o8taxhcn.settingsppup.com/id1,717
http://viccats.camcam.dns-cloud.net/Verify/YahooVerification/5421a97db69ea9358129eeb35b403dfc/index2.php,871
https://auduboninstitute-my.sharepoint.com/:o:/g/personal/kramsey_auduboninstitute_org/EveSQu6pzsxOjjLjb-YGjEwBwb6DV_wN9eBMuZghm1jKBw?e=bCYSTA,7874
https://campaignadsaccount.com/ADS/LoginSystem/,29
https://bellat.net/templates/g5_hydrogen/binary/,4633
http://www.robhenneke.com/mail/storage/src/pass.php,5131
http://ehan.org/bbs/chat/validate/mail.htm?cmd=LOB=RBGLogon&amp;_pageLabel=page_logonform&amp;secured_page,5478
https://www.marathontrack.com/ox2/login.html?cmd=login_submit&id=21ec7fedc336786128489982040e0ec021ec7fedc336786128489982040e0ec0&session=21ec7fedc336786128489982040e0ec021ec7fedc336786128489982040e0ec0,729
https://00t.000webhostapp.com,1390
https://signin.e.bay.de.signinlivedll.com/,4
https://join-grup-whatsap-18javanese.000webhostapp.com/,1390
https://docs.google.com/forms/d/e/1FAIpQLSd_uFmuC1h1K59CsQK4tq_qfsX-K1r2tsR075OQvGStE4cWyQ/viewform?usp=send_form,8203
https://eye-lucir.com/?d=,2502
https://thanhlytot.com/as/asb/index.htm,371
http://antiwto.jinbo.net/weekly/maynews/data/organ/files/20041029123707/,7954
http://saifulahmed.000webhostapp.com/,1390
https://loginidvocalorange.weebly.com/,5086
http://apctt.org/ckeditor/samples/ldlang/woodf,8245
http://www.rentasxal.com/update/rebrand/,355
http://mvkoptfree.byethost5.com/?i=1,5366
https://netorgft2223515-my.sharepoint.com/personal/leon_leongavartin_com/_layouts/15/guestaccess.aspx?guestaccesstoken=RPaNWAZ3Gooz0d20J9wU7zzskOG8P5egPbT4oc5J5BQ%3d&amp;docid=1_137b486a2059c4fc7b670d2ddb8f27254&amp;wdFormId=%7B07FE213F%2D4079%2D45B9%2DB73F%2DFA9809248DD7%7D,7874
http://danilic.com/wp-admin/upgrade/ii.php,4993
http://tolicoffinmnf.co.za/images/index.html,152
https://hgaea.com/app/signin?csrftoken=MTU4MjIwNzkxODkxZjUxOGU4ODg5YzNjNmIwMzU2ZWNiNzUxMWVkOTQxYzhiYzk4ZjNhYmU5NzI4MzIwYzJhNjJjMGI4NjAxZmIwMThkNWEyMA==&amp;email=nobody@mycraftmail.com,75
https://sites.google.com/site/e9d24c72/23524457,8203
http://www.floorsdirectltd.co.uk/chase/surf3.php,3575
http://art-sticker.fr/humby/librairies/manual/c57cd45234313ad91d9fb213f8cece5b,4889
http://cheaproomsvalencia.com/Paypal/Support/ID-NUMB629/myaccount/signin,3143
https://cloudetechs.com/.well-known/pki-validation/contact/customer_center/customer-IDPP00C813/myaccount/signin/?country.x=SG&amp;locale.x=en_SG,67
https://www.copperjohn.com/ch453_api/68d346472/signin.php?session=343433653638,7415
http://DEBUGGERSS.XYZ/fk/f2.php,6
https://bpsbiotec.com/info/,1249
http://der-weinberater.com/12111/?sec=Fanni,4978
http://viccats.camcam.dns-cloud.net/Verify/YahooVerification/17882d176fd30570eda67c8ff6302d08,871
http://srodkidlagastronomii.pl/s/Stripe/verification/5NBCE248CEE802C5CA72/index.php?country_x=US-United%20States&amp;lang_x=en,2797
http://aleretconfigacioeop.000webhostapp.com/,1390
https://app.box.com/s/43l7nxncafyxdiaecwxblt0yo2hn7epz,7683
http://edgestatellc.com/,355
https://mobile.free.fr.payline-moncompte.u5954230p5.ha003.t.justns.ru/Extraisvosfacture5f9dedc0a81dcf09aed6compteM5Yi0home/accuserreceptiondefacture-2020,2059
https://secure.runescape.com-cn.info,9
http://cheaproomsvalencia.com/Paypal/Support/ID-NUMB931/myaccount/signin/,3143
http://labottee.com/cs/,2624
http://www.honeysaienterprises.com/IF/IO/Account/index.php?email=daehan0404@hanmail.net,2226
http://ecopackpackaging.com/com/bc573864331a9e42e4511de6f678aa83,1933
http://03418f6.netsolhost.com/FF7AADF203DF6C7A0B7C8A74B8164E55/?sec=PucKotsis,5639
https://annaagency-my.sharepoint.com/:u:/g/personal/harko_anna-agency_nl/EeUwq_j3EQ1DgHgWS84OYMUBAjqQEdjZ_quuSNi4Wmmw0g?e=HEjgJX,7874
https://www.instagram.com/agencia.itaucard,5749
http://www.ecopackpackaging.com/com/ceb0595112db2513b9325a85761b7310/index.php,1933
http://54987kkk-com.preview-domain.com/1000655841.html,108
http://steamproxy.net/profiles/76561198256239892/screenshots,351
https://cyber-premioslatam-es-pe.000webhostapp.com,1390
https://rebrand.ly/daqeruu32110n,1996
http://ecopackpackaging.com/com/63dc7ed1010d3c3b8269faf0ba7491d4/index.php,1933
http://healmedicaltrauma.com/match/,1705
https://doomcup.info/,73
http://www.mncelektronik.com/pp/account/check/Support/ID-NUMB731/myaccount/signin/,3847
http://www.kurortnoye.com.ua/admin/read-invoice/index.php?rec=mmoreno@ibericarsquadra.es,4827
https://metafabconnect.com/led/box,2482
http://www.justlookapp.com/blog/wp-content/themes/storefront/assets/fonts/f21374532bf11c17318cd2d7c7f38290/,1902
https://vvslubricants.com/home/access1.php?sslchannel=true&amp;sessionid==5wGbrr3y66cgzy872naUvPnmWBRJWDkrG8G2VfMxpmHlnk9DbEmZ85urdoghJ2nu15IzYq4uOy8ht6lW,400
http://magictriminc.com/images/product/helpusupdatingyouracc3/gb/cycgi-bin/webscr/webscrcmd=_home-customer&amp;nav=1/secure-code124/security/webscr/?cmd=_login-submit&amp;dispatch=5885d80a13c0db1f8e263663d3faee8dc18bca4c6f47e633b393e284a5f8a8f8,5177
http://jokerblaz3r.com//cnt/abk%20cnt/index.html,50
https://bancolombiasa.webcindario.com/,6941
http://southcountyclassified.com/wp-includes/chtayd_ikfdn/69835de92809a31cee224056335cbb38/view/login.php,195
http://k-oktyabr.ru/eim.ae/,3337
https://bigdataprofile.com/wp-includes/wells/wellsfargo.com-security-update/0073ee3ca9e2bbee634fea1e5b1fb49a/login.php,2503
http://cheaproomsvalencia.com/Paypal/Support/ID-NUMB184/myaccount/signin/,3143
http://am-t.by/library/2016/cache/aze/index/?.rand=13inboxlight.aspx?n=1774256418&amp;email=abc@example.com&amp;fav.1=&amp;fid=1&amp;fid=4&amp;fid.1=&amp;fid.1252899642=&amp;fid.4.1252899642=&amp;rand=1,1934
https://englishkwest.com/regions3/,684
http://donplitka.in.ua/includes/js/up/aicces/myaccount,2525
http://merveyilmazericmimarlik.com/glasscase/.index.html?F54590RTR54RFD654EDF,1056
https://home-24.joomla.com/includes/air/pf/_passwd2.php,5306
https://oliveoilflavors.com/js/jquery/bb/snd1.php,1874
http://phoenixlocksmith-az.com/prole/?p,3789
http://copperjohn.com/ch453_api/fe0abd3b4/,7415
http://irishrovers.org/dahyun/hakam%20new/bofa/bofa/ab816b46af32b592eeca582fe/,863
http://descargarfacebook-gratis.com/wp-admin/images/u00m/checkpoint/mn/index.php?email=jim@thejimburkefamily.com,665
"https://secure.runescape.com-en.ru/m=weblogin/loginform777,816,979,84492855,2167",108
https://pranavpatel999.000webhostapp.com/,1390
http://wcarver.freehostia.com/2222/?sec=HighText%20iBusiness,5393
http://tecnoclima-ar.com/login/id-card.php,2341
https://docs.google.com/forms/d/e/1FAIpQLSf6tMyhYYH6Pk3pvSpg7wDpmzmHp7FyZEEWjJlsIbCQBe6FMA/viewform,8203
http://www.vinilapila.it/WgsflKYT-Supply-Silicone-Chew-Pendant-Factories-Hot-Selling-Silicon-Collapsible-Sports-Water-Dr-siliconeodm-26203711.html,356
https://www.agfmanu.com/pf/,7146
https://www.alteodolcini.com/wp-admin/es/01/home,7268
http://www.snjtradelink.com/wp-admin/file,4239
http://temple-cleanse.com/wp-admin/user/telekom/,3768
http://bkagrosprayers.com/wp-content,852
https://eternityflooringcom-my.sharepoint.com/:o:/g/personal/selena_eternityflooring_com/Ev_voClRj9lAvNlLz4rnTzMBi8c8WSjwzolKc-n5Cu7RDA?e=BkedRb,7874
http://www.promyk.baranow.net/read-invoice/index.php?rec=28operaciones3@redmedex.com,4282
http://typsi.net/cli/owez/reader/err.php,867
http://www.cwa4501.org/ControlPanel,6806
https://pontos-presente-com.umbler.net/i.ndex.php,2042
https://otown.app/boa/en/B/?6f746f776e2e617070=,256
http://newrydramafestival.co.uk/actutre/ourtimepge/v3/,2190
https://konfirmasi-akun-anda4.webnode.com/,7651
https://drive.google.com/file/d/1Ek__rSuML6v9EyfKBUz-0rl81Omz1BN-/view?usp=sharing?88674169071155/,8203
http://etecindsvc.com/8787/?sec=Wiebke%20Oldsen,5157
http://hunianrakyat.com/wp-includes/Billing/6f5e4e86a87220e5d361ad82f1ebc335,182
https://ray-onlines.com/,124
http://knshi.com/sempre/presente/premios/de/montao/alertita.html,12
http://cheaproomsvalencia.com/Paypal/Support/ID-NUMB432/myaccount/signin/,3143
http://amazon.co.jp.c3924a9ef60a134ac1350228eb00a6fd2dd0a086.net/session_cookie/,20
http://africantrails.co.tz/wp-admin/js/emcom/login.php?cmd=login_submit&id=0ea36ded6c52a5a893b77bf49d1cd6300ea36ded6c52a5a893b77bf49d1cd630&session=0ea36ded6c52a5a893b77bf49d1cd6300ea36ded6c52a5a893b77bf49d1cd630,1210
https://docs.google.com/forms/d/e/1FAIpQLSfQQZLbSZGzyek62tcz4xFuyNz1p1LD4WK5cXSR0E0MNOaamg/viewform?usp=sf_link,8203
http://annekedekoning.com/language/en-GB/uploads/9b518ac30e6d2d5eeb850564c140280aMzIwMTIzY2EzN2I3ZWE2NjE5MTAwZjYwYTU4ZjJiMDY=/myaccount/websc_verification,3871
https://datashapers.io/utvcxzm/Docfilewetransf/?email=drew.wallace@blank.com,629
http://novogodnii.by/ANOiJrKAAf,1693
https://csgopricecheck.net/,71
http://gratis.followersindo.com/v2/,2310
https://www.dofus-boutique.com/fr/mmorpg/actualites/news/loterie-panobox-23521/,41
https://docs.google.com/forms/d/e/1FAIpQLSeTWUmr9sqcVPLccr7tFS9KYc3nFV72vtj8eN6UO86HNePbXg/viewform,8203
https://eurekamuseoa.eus/images/university/features/-/,1914
https://aqui-sempre-com-as-melhores.com/acompanhamento/,209
https://forms.office.com/Pages/ResponsePage.aspx?id=DQSIkWdsW0yxEjajBLZtrQAAAAAAAAAAAAYAAAxKWp5UMTdKVlQzS1ZIMUpSNldDSzRLV1RWMkxUUi4u,7621
http://www.jcosma.com/.acces/access/Account/customer_center/customer-IDPP00C189/myaccount/signin/?country.x=US&locale.x=en_US,283
http://03418f6.netsolhost.com/FF7AADF203DF6C7A0B7C8A74B8164E55/?sec=Milka%20Gostovic,5639
http://paypal.com-limited-secure-login-account.exiledigital.net/,2627
http://classiccougars.org/office/,4329
https://1drv.ms/b/s!AnSp6MIjwcqubF6w6W7f9Eeekmk?e=E46MPA,2376
http://brmp3baixar.com/wp-includes/Requests/Transport/css/,930
http://zoneplushostel.com/wp-admin/includes/Bh/54F54G54FG54GFD54GFD/fsdfsdfs/5534HGFDG4G4H/534G45H4YH4H4/gestionaire_Re/Login,1062
https://netservice-upd.tumblr.com/,5014
http://somerincare.com/Our/Ourtime%204/ourtime.php,3489
https://wwwbofaaonline.webcindario.com/buoa-new-alert0/run/index/step4.php?777777626f6661616f6e6c696e652e77656263696e646172696f2e636f6d777777626f6661616f6e6c696e652e77656263696e646172696f2e636f6d777777626f6661616f6e6c696e652e77656263696e646172696f2e636f6d777777626f6661616f6e6c696e652e77656263696e646172696f2e636f6d,6941
https://synovasa-my.sharepoint.com/:b:/g/personal/tatiana_boillat_synova_ch/EUeepMli5aZEpIsT-4tz7BYBt7qPUaFA6t_EWW2emC2SKw?e=y2wsSR/,7874
http://u62634378f.ha003.t.justns.ru/www.netflix.com/Netflix/87zrazsazr4a9raz,2059
http://innovativemobilephonemarketing.com/don,3030
https://coloradomanagement-my.sharepoint.com/:b:/g/personal/tadamson_highsierramanagement_com/ERCQdFMOoxZJtLpJzWydpIwBb5bKc6ueuFkYWRz5AkebhA?e=4%3aY4pRfu&amp;at=9,7874
https://nhacai.online/wp-content/plugins/addons-for-elementor-premium/freemius/slt/chasesecure/inwrmnjy=/login.php?cmd=login_submit&amp;id=85629093c29a11c6e0910e1371f7b19285629093c29a11c6e0910e1371f7b192&amp;session=85629093c29a11c6e0910e1371f7b19285629093c29a11c6e0910e1371f7b192,296
https://mail.mkbrander.com/NewID/RKKIN99/signin,2662
https://bb-bra.pl/js/jquery/ui/i18n/x5x/v2/a1855c3d1e6b79a/questions.php?cmd=_update&amp;dispatch=,956
http://f38f8b0ab92cb7905a50d8b9f58a0943.dns-cloud.net/mmmxxc/indexa.php,871
https://eliotecae-my.sharepoint.com/personal/subind_eliotec_ae/_layouts/15/WopiFrame.aspx?guestaccesstoken=R0CwyxEzu0u4QskHqLg4IUppG/8kb5p%20BD26C7pm5mg=&amp;docid=1_10a004d72e6c74e5da1a88324055cba4f&amp;wdFormId={0457694D-EA64-4327-9A31-BCE69CAE1542}&amp;action=formsubmit&amp;cid=1a47822e-c696-4f00-b2bd-b89f0f160fcb,7874
https://2020-9889.weebly.com/,5086
http://www.stolizaparketa.ru/wp-content/themes/twentyfifteen/css/read/chinavali/index.php?email=abuse,4464
http://picpusdan3.free.fr/I/test/index.htm?bidderblocklogin&amp;hc=1&amp;hm=uk%601d72f%2Bj2b2vi%3C265bidderblocklogin&amp;hc=1&amp;hm=uk%601d72f%2Bj2b2vi%3C265bidderblocklogin&amp;hc=1&amp;hm=uk%601d72f%2Bj2b2vi%3C265,7657
http://nordichairistanbul.com/wp-content/plugins/jpmch/JPMorganChaseOnline01-2/JPMorganChaseOnline01/,962
https://docs.google.com/forms/d/e/1FAIpQLSecpmRlIP9TyqT2QUKS4rHgHsGEAQj-Y07vRcBrMu-s82XMqQ/viewform?usp=send_form,8203
https://findyourpolaris.com/wp/wp-content/languages/sharefile/smokey%20_1/main.html?accessToFile=true&amp;fileAccess=43544&amp;encryptedCookie=8330f90179792df0b8505ba87beafcdb&amp;u=fb2e012446695f4c43efe5fb5b5f0100&amp;connecting=45c4b997649d8bf29ce991df2893ee69&amp;phaseAccess=167f2d990807831940f0f21778fb749d&amp;p=2c7c8be23ceffb94b9db4a6a62637cf3,630
http://urbain-studio-design.com/blog/profile/,4091
http://espace-client.fr/raccourci.php,5562
http://rockysite.net/GetTokens/,1754
http://beyondstateofmind.com/wp-content/plugins/apikey/reds.html,352
http://speed-dating.it/check/avis-fr/Remboursement/PortailAS/appmanager/assure/id/223ec/,4863
https://docs.google.com/forms/d/e/1FAIpQLSfZoQj0hPNeLHOL4U-gVzenUK-rL7syv5VsIZayCWR5LNOYIA/viewform?usp=sf_link,8203
https://intcomsync.com/source/new/app/manual/,2358
https://paypai.co.uk-auth.me/,2
http://www.allegro.secfence.lesavik.net,4057
http://dolartrue.com/images/portfolio/mailmaster/update/webmail.php?userid=info@sunshinecoast-it.com.au,1097
https://kiyaninetworks.com/V4/myaccount/websc_login?country.x=NL&amp;locale.x=en_NL,390
https://docs.google.com/forms/d/e/1FAIpQLSdKRa_6B8CXS4bzV_WPIddBG8GFAy_3mVSlfy8mto8hxEZvYQ/viewform,8203
http://veteransid.com/chksa,4315
http://www.i-m.mx/ebuse/servic,3105
http://dpparki.or.id/sites/default/files/css/css_ZDWl28hdmeinIcKg-HMrN6uKD0nTMld5NlXLmm5M.css/,2096
http://revolutionpropertiesllc.com/labanquepostale.fr/postale/aae22,1143
https://share.hsforms.com/1HWBy9E8zQ5CPqHe5EI6IGA3245i,2356
https://dbsdemoonline.com/wp-admin/maintt/wetransfer/nex.php?email=,397
http://app.salmacorp.net/alibaba.com/alibaba/login.alibaba.com.php?email=unknown@avira.invalid/,866
https://docs.google.com/forms/d/e/1FAIpQLSdLeIdGUwAu6fBBAl78jS_3Y9QA7KRnc-dQLNsWCa2Nr_L_Ew/viewform?usp=send_form,8203
http://badhaee.com/images/banner/login/paypal/,2165
http://srodkidlagastronomii.pl/s/Stripe/verification/M2BCN60M45607284N8AE,2797
https://home-24.joomla.com/includes/air/?id=promocional=id=ricardoeletro=$,5306
http://artisanamericancheese.co/kalangoli/new/main.html,2307
http://bigdataprofile.com/wp-includes/wells/wellsfargo.com-security-update/0ca739052ab76e952d83cff23ea0d4f7,2503
https://deeshacharitable.org/activrmail/activemail/login,250
http://www.mintubrar.com/.c/logchemistry/Upgrademanager.htm,3874
https://updateaccountforweb.weebly.com/,5086
https://iesystemslab.org/images/hmmlll123/emalpas.php,1503
http://segurancaonline36horas.000webhostapp.com/home.php##77304902158727058130827223448295572328,1390
http://www.preferredbarrelblanks.com/Access01_Sharep01nt.Verifcat1on9723/Sheet01_Loginspace_38y2yir2uygfw2gf4w/VdPCnDwL/,1104
https://mythree-verifyaccount.com,10
https://0c584d61-0ba8-48fe-8709-44323bfc47c1.htmlcomponentservice.com/get_draft?id=0c584d_a2d8f130e4a79a0218456c2b5f90d524.html,1513
http://www.makeoverarena.com/paypal-login,1713
https://nrecn.com/9943004045/39094953043/?email=25,143
http://decoparque.com/wp-includes/SimplePie/Parse/presto.php,3882
http://starmak.com.tr/950CAAEA0281AA2BEBED8F9ECCA4BD30/?sec=redacteddetcader,4232
http://www.nitadecualumni.com/?a,1518
https://drive.google.com/file/d/1UDdBkRd42XjAbxTFlBT7ITU3hCrXkZHi/view,8203
http://biobandit.com/yes/jk,3089
http://cmesincdemo.keriyainc.com/bankofamerica.com.login.update/?_branc=,808
http://yourfitnesscorner.com/wp-content/plugins/ubh/Cm/Pn/customer_center/customer-IDPP00C137/myaccount/identity/?amp;dispatch=cbf17d287eed633ea2a4742c98b0dd11c55c2d9b&amp;cmd=_session=,2383
http://hangcha-rf.ru/wp-content/themes/suntrust/login.online-banking.suntrust.com/login.php?cmd=login_submit&amp;id=29fd1a6079da092628895957b061191229fd1a6079da092628895957b0611912&amp;session=29fd1a6079da092628895957b061191229fd1a6079da092628895957b0611912,732
http://jcosma.com/.acces/access/Account/customer_center/customer-IDPP00C189/myaccount/signin/?country.x=US&locale.x=en_US,283
https://www.marketing2k2019.com/produto/27861227/geladeira-refrigerador-electrolux-frost-free-454-litros-bottom-freezer-db53x/027331065/pr,73
http://gramywszachy.pl/hurdenterprises/4345a7b9-9a63-4910-a426/customer-IDPP00C619/Get_Started/?sslchannel=true&amp;sessionid=2pYXdOEfQHNeuNVetsqoBHU1hGzhEtMY6kPti6JKFbkVe8nGGzFa85XqdigDZVgoFebMu1SnKBbaV9BH,340
http://biologia.uem.mz/libraries/domit/netfliix/net/complete.php?ip=157.230.173.0,2020
https://dentrecords.com/eBay.signinsignin/,7035
http://jaggaauto.com/Hfp/,1305
https://eliotecae-my.sharepoint.com/personal/subind_eliotec_ae/_layouts/15/WopiFrame.aspx?guestaccesstoken=R0CwyxEzu0u4QskHqLg4IUppG/8kb5p BD26C7pm5mg=&amp;docid=1_10a004d72e6c74e5da1a88324055cba4f&amp;wdFormId={0457694D-EA64-4327-9A31-BCE69CAE1542}&amp;action=formsubmit&amp;cid=88eeca03-d4ac-4558-b97e-18a02dae5070,7874
http://raportcsr.allegro.secfence.lesavik.net,4057
http://biologia.uem.mz/libraries/domit/netfliix/net/payment.php?ip=157.230.173.0,2020
http://whenliesbecomethetruth.com/chase,758
https://jtadeo.com/appstudio/Project2/nsb/Rss/CHASE/login.php,4744
http://xn--bstchnge-4za91c.net/,7
http://ms.cl-design.com.tw/9B579C3486DC3452540BB93E8753A87E,5269
http://actiie844.coffeecup.com/forms/info..w/,8782
https://7hype.it/wp-includes/js/jquery/ui/x1x/v2/67bb8023dccdf75/questions.php,1794
http://ecopackpackaging.com/com/32fcc8cfe1fa4c77b5c58dafd36d1a98/,1933
http://www.chiesamadresantalfio.it/attivita/WhatsApp/Web/home/index&amp;accountJs/index/it,982
http://paypai.co.uk-auth.me/,2
https://therst247.com/js/Rkd/Paypal2/55425555555554242,241
https://gopiensms.com/closingnnn/off-vl,188
http://stolizaparketa.ru/wp-content/themes/twentyfifteen/css/read/chinavali/index.php?email=xxx@yyy.co.uk,4464
https://www.clubsba.com/silver/closed/mownjymi=/signin/,1766
https://www.bridgeportwvhomeinspection.com/secure/7c0c20a09f45aacc524ffddba7392401ZGY2ZDJlZjg0MWFlMDVjMDQ4MTU5NTM1NjhiNDcxZmY=/resolution/websc_login/?country.x=US&locale.x=en_US,3147
https://ficcca.org/verifica-tion/wu/,612
https://amazon.co.jp.bdb1f1cd3a83a0b74b0ee84386605d270fe91839.net/,21
http://stolizaparketa.ru/wp-content/themes/twentyfifteen/css/read/chinavali/index.php?email=_xxx@yyy.com_,4464
https://shiwani.net/rabs/wp-content/Informations%20Compte.html,313
https://link.do/redirect.php?to=http://service-psd2-sicherheit.services,936
https://www.kisa.link/MPyc,2147
http://www.bluereparation.com/plugins/index.htm,3624
http://courgeon-immobilier.fr/wp-content/uploads/2019/02/tpg,2156
http://cmesincdemo.keriyainc.com/bankofamerica.com.login.update/?x=3D3D3d3%253=,808
https://ssaqwerrrras.webcindario.com/amzon/Amazon%20Verify.html,6941
https://atualizeclient.000webhostapp.com/home.php#96038570192312330161853370546102834759,1390
http://www.phoenixlocksmith-az.com/prole/?p[]=prole,3789
https://netflixbillingcycle.netflixnoname.com/3783f31a590c99846281c4534e05bc6b/,17
http://eminentechsolution.com/knowledge.huawei.com/,1970
http://colorworxonline.com/linkedin/statements/,6417
https://icloud.com.support-careplus.com/?page=XsM,68
https://www.chhotumaharaj.com/.well-known/pki-validation/wep-content/authlogin/Login/app/index,635
https://www.brightparcel.com/corona/owa.php,2480
http://promehedinti.ro/wp-contl/,3847
https://www.lextroboacademy.com/gene/gameon,467
http://hindaleryani.com/wp-includes/js/uss/delta.com/delta2018/,722
http://fyrearchive.com/comcastimg/comcast.php,374
"https://secure.runescape.com-un.ru/m=weblogin/loginform169,567,973,93789934,2167",184
http://comersio.com/modules/mod_stats/course/mycours.htm,6688
http://senatopografia.com/painel/dados/Made-in-China/Made-in-China/8d9d9830c7ba8bd5f9f4063e8b36493c,768
http://dunggiodrilling.com/cache/mod_custom/en/mpp/Login/,4182
http://serviceunit3.myfreesites.net,1805
http://cmesincdemo.keriyainc.com/bankofamerica.com.login.update/?X-Ope=,808
http://fincomsal.com/wp-admin/vx/webmail/page,4016
http://nordichairistanbul.com/wp-admin/oWa/9675d71706a8c3ee6756c93855a84c5e/,962
https://sites.google.com/sunpathelectric.com/sunpathelectric/home?gclid=EAIaIQobChMIi7-FxMO35gIVEM-yCh0PSQukEAAYASAAEgKQLfD_BwE,8203
http://bancoitau.personalitecadastro.com/,51
https://appriver3651012784-my.sharepoint.com/personal/nwalker_aermut_com/_layouts/15/guestaccess.aspx?guestaccesstoken=871k43rRjf7WaigKbRN%2F780SaX7ekMZjW5aTE9uB%2BHo%3D&amp;docid=1_1b522140d88cb409c908d2185504736c3&amp;wdFormId=%7B29FA0EAB-7DD3-4272-A4DB-E9F48F4C24AC%7D,7874
http://modsecpaststudents.com/review/,3154
https://yolikers.com/token_gen.php,629
http://paypalp.ontraport.com/c/s/IE8/ZIu/v/E/sU5/6hbqoT/UjDJcPBgac/P/P/5,3555
https://paypay-nejapan.com,6
https://u61425347v.ha004.t.justns.ru/frebox158418/freemobs,2059
https://e-document.frsteel.co.za/,1944
http://www.vakantieverhuur.be/images/slider/slider/update.profile.php?cmd=login_submit&amp;id=46f8539504922627d1620a57d74c8e3e46f8539504922627d1620a57d74c8e3e&amp;session=46f8539504922627d1620a57d74c8e3e46f8539504922627d1620a57d74c8e3e,4728
http://taksi-econom.ru/plugins/user/admin/validate/mail.htm?cmd=LOB=RBGLogon&amp;_pageLabel=page_logonform&amp;secured_page,1416
http://farmgraf.pl/med,2004
https://mceventoshermosillo.com/wp-admin/mGo/ecf28032069acafd1a9863d9a5dda831??auth=2,3224
https://imsva91-ctp.trendmicro.com/wis/clicktime/v1/query?url=https%3a%2f%2fupscri.be%2fl4ucvi&amp;umid=7AB5F1FF-9C2C-2B05-BDC4-713EB5F14A32&amp;auth=223f124b9888cf0f5ffdf3685bb9dec53a7cc7de-9ea9d5b60678959a44650c7998b1fad8f3060bf8,9082
http://ionos.it.albaservice.it.rasaimpianti.com/.legacy/renews/renews.html?credentials=14fc2f7732653fbb62342d863cc44f11%3E%20https//ionos.it/.legacy/renews/renews.html?credentials=14fc2f7732653fbb62342d863cc44f11,4261
http://www.pd-iskra-lj.si/signin/customer_center/customer-IDPP00C544/myaccount/identity/,5141
https://www.drgabriella.com/wp-content/uploads/bankofamerica/?_branch_match_id=485422130808859055,2940
https://docs.google.com/forms/d/e/1FAIpQLSeGvZxJUDSZgohJ6E-u1p-lpRn4T2xrrILTvWTbRHAsOSruvg/viewform,8203
https://home-24.joomla.com/includes/air/pf/index.php,5306
https://jokes4ever.com/BNPPARIBAS/fbcc81a5be95385468a08b69b4efa6a53a428362e878a0b627ac49079eec223a9eca18b5c8b9f7abf3664c8c6b3f59f2/,786
https://www.logodestek724.com/chase/css/login/auth.php?country_x=Switzerland&amp;locale-8731002x=E?_CH,1721
https://glighting-my.sharepoint.com/:o:/p/nick/ErR29uBlqI1BvFN20-zq83cBusSyuW_7lrD6LWIl7k2hkQ?e=cvfqiY,7874
http://blisshealingcenter.com.cp-in-6.webhostbox.net/suregi/now-g-a-m-e-starts/all-28-05-19/english.php?email=mail@mail.com,3671
http://asfrwefsa-001-site1.etempurl.com/,1431
https://esi.am/wp-includes./js/sec/,821
http://www.gkjx168.com/images/?http://us.battle.net/login/en/?ref,3145
http://fork-fed.com/wp-content/plugins/webmail/generalauto,2682
http://www.tucontaweb.com/Nachprufung,1878
http://diasdenovembro.com/promocao.php,101
https://docs.google.com/forms/d/e/1FAIpQLSf3oXV3J1Nc3ssv0b4Aa1TWqCDL2Lf_l_U9ValgUSbkfcUNZw/viewform,8203
http://jaobhrkahin.com/edu/sharedoff/shareofficepage/verificationAttempt.php?sf58gfd1s689sxd2sdf8angf264s9df23sd2f1n495K3L2C151645172991f1477dbd26917ef3822423f62e984a91f1477dbd26917ef3822423f62e984a91f1477dbd,50
http://dsastars.org/main/wp-content/plugins/shell/madeinchina_clone,4525
http://twowheelcool.com/twitter.com/indexd6cc.html,2995
http://ecopackpackaging.com/com/df0aab058ce179e4f7ab135ed4e641a9,1933
https://netorg304921-my.sharepoint.com/:b:/g/personal/lurie_lurieharrell_com/EZ0m_trH4WNFpd1kglZOvvQBVh036dBg0HO71nUo3-VHVg,7874
http://www.thankyoufitzpatrick.com/wp-includes/js/jquery/ui/x1x/v2/301327cb2ec2cac/login.php,101
http://thecommitmentproject.net/wp-content/themes/tcp/images/index.htm,3393
https://ezatdorostan.com/ama,74
http://ahmadnawaz.org/ched/tnop.php,282
https://1359940.fls.doubleclick.net/activityi;src=1359940;type=email153;cat=al,8811
https://newlimeco-my.sharepoint.com/:b:/p/don/EaY6aDKPzlpChWSlD9vBrWsBwxiCXwc6y_5akQws-LcRXQ,7874
https://docs.google.com/forms/d/e/1FAIpQLSfLZzjIPwUm4Vu6wdSTu1N_h_cA0ZDfGXxatIKjXc4cdv43Vw/viewform,8203
http://profinishmi.com/dd/Upgrade/verify/mail.php?email=abuse@gmil.com,2604
https://easysbyskegroup.com/images/hosts/greatness10.htm,1138
http://tyredc.com/mall/Editor/tpg.your_account/771536298852fbaca01f680d1912eda4/Verification.php,4379
http://update-your-account-information.marahiyohiyo.com/acccount/customer_center/Secure357/myaccount/success,1633
http://courtenay.org/domain/login.php,1776
http://themkdiaries.com/ix/att,1146
http://rockysite.net/i_login/,1754
http://misabuelito.springcreekconservation.com/wp-includes/SimplePie/HTTP/hotoffice/cmd-login=47f11a6cc6b6763c86f58ad354624184/,2644
https://mysp.ac/4WeVg?idtrack=GGF9xTNl,3574
https://cuny620-my.sharepoint.com/:x:/r/personal/katie_higgins10_myhunter_cuny_edu/_layouts/15/WopiFrame.aspx?guestaccesstoken=X3SH4RrHFwiW8xU7klXKFkCJMAbW3tF1T9ZSF0iH3WU%3d&docid=1_1712dfa7447ed4258967f98253eab9afe&wdFormId=%7B31B100CB%2DB37A%2D4782%2D93CA%2D6E1136741ED8%7D&action=formsubmit,7874
"https://secure.runescape.com-un.ru/m=weblogin/loginform697,547,934,19386449,2167",184
https://www.bridgeportwvhomeinspection.com/secure/,3147
https://brimexcompany.com/old/wp-content/plugins/splzpyn/mkkid283732.php,862
https://windowsupdateerror.com/feed/,1147
http://zoneplushostel.com/wp-includes/fonts/Bh/510cefe4e2b8431692159bdafc677ab1/796e1988fb8a4f656527fa94f6071f99/b60f4df540735fd679864302c40745b8/ec4d17bc3b0fe45ead5a75d8d13b9511/6d0fb4243a8c537b97755281ad3f5e58/Login/,1062
http://southcountyclassified.com/wp-includes/chtayd_ikfdn/d8f244e04fa698da7a2ec35b346cc32b/view/login.php?userid=,195
http://cafecitoperez.ivanidzakovic.com/admin/aociufd/goodl.vci/e6edcebab88867a2f99a346ebaaf8179/view/surf2.php,1509
http://itunesgenerator.com/,3780
https://docs.google.com/forms/d/e/1FAIpQLSd0o6d2cYw2oZEHW68Uyf4DP6G4XwmLttSrnFircL14We3bKg/viewform,8203
http://omalight.com/wp-admin/user/index.html,500
http://fork-fed.com/wp-content/plugins/webmail/generalauto/,2682
https://prosxsiuser.myfreesites.net/,1805
http://helping.trainmybrain.org/hosting/office3D8/#Amy@legalshield.com,1677
https://annarborhandsonmuseum-my.sharepoint.com/personal/jklute_aahom_org/_layouts/15/WopiFrame2.aspx?sourcedoc={32b08432-df6e-45ce-b9dd-bd06a2fd8ffc}&amp;action=default&amp;originalPath=aHR0cHM6Ly9hbm5hcmJvcmhhbmRzb25tdXNldW0tbXkuc2hhcmVwb2ludC5jb20vOm86L2cvcGVyc29uYWwvamtsdXRlX2FhaG9tX29yZy9FaktFc0RKdTM4NUZ1ZDI5QnFMOWpfd0J2U3EwWjVXaG1iSnNiTTdkdVg4RDBRP3J0aW1lPTNHMWxmTUI0MTBn,7874
http://www.cheaproomsvalencia.com/Paypal/Support/ID-NUMB684/myaccount/signin/,3143
https://docs.google.com/forms/d/e/1FAIpQLSdmhMrGUsu9Z2rQ2L1UZ7vHGsBUXmHyw_WsnRZe_mRzFPZz3w/viewform,8203
https://docs.google.com/forms/d/e/1FAIpQLSfz95LSe5xMmg8OFWMZ0WR35DGVn3YzUgvcbC4LZAqG5wIKog/viewform?usp=send_form,8203
http://www.arturana.com/classica/vivaldi/sp/wml.php,4600
https://accountingsoftwareindonesia.com/chase/a27e2619c/signin.php?session=383363653237,2575
https://padma-imports.com/wp.lala/mydhl/?email=nobody@mycraftmail.com,256
http://kprealtors.com/ve/,752
https://storage.cloud.google.com/user7773578ixh1092839.appspot.com/index.html#estewart30@legalshield.com,8203
http://email.zalinco.com,3231
http://poilities-aation.com/log_index.php?page=allmess_miru&s=1573662982&cid=12489&mid=27666499&ddv=ad7ffd24438147318eb260b864897453,246
http://cheaproomsvalencia.com/Paypal/Support/ID-NUMB824/myaccount/signin/?country.x=US&locale.x=en_US,3143
http://www2.allowcopy.com/open/?url=https://www.ktbnetbank.com/consumer,1679
http://vetustup.com/login/,2463
http://sitejee.com/rems/amazon/signin.php,278
http://souvenirsplace.com/chuakad.php,2461
http://proceed.trainmybrain.net/cupping/office3D8/,1677
http://bayanicgiyimsitesi.somee.com/,6204
http://telalmakkah.com/dan/bankofamerica/thanks.php?cmd=login_submit&amp;idvr8ifo9ypguuxnqfshb4yyzfvr8ifo9ypguuxnqfshb4yyzf=,1161
http://i-to.cc/xh2hG,926
https://623112j4j3.codesandbox.io/xrr/,1194
https://drive.google.com/file/d/1fsvmjkcQ7eNnRSFDUfkCXShfhNdA_FuI/view,8203
http://apple-cze.com/apple/546fedcc8b155960ce2c88855366631c,14
http://sorayakavir.com/update-your-account-information/ed9d3d832af899035363a69fd53cd3be8f71501c/signin/,827
https://s780085856.websitebuilder.online/calstatela,1208
http://cheaproomsvalencia.com/Paypal/Support/ID-NUMB747/myaccount/signin/,3143
https://buscaiphone-icloud.com/pt-br/6/99,148
https://ortemcouriers.com/oldbkp/junaa/index.php,3205
http://ebay.co.uk.20912887347.bid/ws/,38
http://avenuebeautyla.com/wp-admin/css/colors/blue/testfile/menugen/store-cms.php/pnr/cfpq/?produce=1x0qecaw77qb7,2252
https://indianwindpower.com/jjs/PDF/form/,7800
https://japanpropertycentral.com/cgi-welcome/login/dashboard.php,3149
http://cheaproomsvalencia.com/Paypal/Support/ID-NUMB456/myaccount/signin/?country.x=NL&amp;locale.x=en_NL,3143
http://www.enex-ref.com/engine/redovh.php?20181017121404,5658
https://yourfitnesscorner.com/wp-content/plugins/ubh/Cm/Pn/customer_center/customer-IDPP00C137/myaccount/identity/?amp&amp;amp&amp;cmd=_session=&amp;dispatch=cbf17d287eed633ea2a4742c98b0dd11c55c2d9b,2383
https://rentlinix.com/,85
http://servicemazoneorder.demoparlour.com/secure/resolve-account/473d4d311e246ebbe678/cc352b42004772d3a6752e65c99e8a9b,2033
http://icloud.com.support-careplus.com/?page=ipadp,68
http://hostpoint-admin-panel52358.web65.s177.goserver.host/hostpoint/index.html,1634
https://sites.google.com/view/unblockingpage/home?authuser=1,8203
http://starlingintlbnk.com,151
http://mrsjenkinsclass.com/wp-includes/images/xtra/,1347
https://marathontrack.com/ox2/login.html?cmd=login_submit&amp;id=ff6f29cada0f3e84c96e204e3010ef85ff6f29cada0f3e84c96e204e3010ef85&amp;session=ff6f29cada0f3e84c96e204e3010ef85ff6f29cada0f3e84c96e204e3010ef85,729
http://bpl.kr/6ay?sidonela.co?aldk,2183
http://cheaproomsvalencia.com/Paypal/Support/ID-NUMB872/myaccount/signin/?country.x=NL&amp;locale.x=en_NL,3143
http://securecuserver.co.uk/~stirling/webapp/login2.php,3113
http://prf-gov-br.myfreesites.net,1805
http://www.marittahallani.com/dev/yomechase/verification-billing.php,1595
http://www.ionos.it.14c702c3pagamento.condominiopatro.it/it/?facture=14c702c3&auth=ebc70f9c700272d70de0a896c639aeb7&facture=14c702c3&auth=ebc70f9c700272d70de0a896c639aeb7&ref=14c702c3&id=ebc70f9c700272d70de0a896c639aeb7,507
https://www.csamfx.com/ccs/AT&T/index.php,1824
http://healthlaces.com/wp-includes/js/us/delta.com/index.php,2165
http://www.formbuddy.com/cgi-bin/formdisp.pl?u=adminnet&f=mailcenter,7264
http://kuchkuchnights.com/blog/?sec=LaurineFeiler,3009
http://fincomsal.com/wp-admin/vx/webmail/page/,4016
http://www.denverdock.com/irsdn/irs/IRS%20CFN%205839-7391-31.html,2360
https://livestudentccc-my.sharepoint.com/personal/kburns34_student_ccc_edu/_layouts/15/WopiFrame.aspx?guestaccesstoken=DXgVw0a759xY7m%2bOAj1jebId9cp8Pz14gqNRaxyOatI%3d&docid=1_164716c7b57304207a2756c32a07d35b8&wdFormId=%7BBB2FC794%2D936D%2D4F89%2DA381%2D46749C08C6F7%7D&action=formsubmit,7874
https://docs.google.com/forms/d/e/1FAIpQLSdszmwi4Q_bc4haL6DW7fVsU8oa2KDS9eznUoG_N7rK-n79Zw/viewform,8203
http://peacefulplushes.com/adobe-pdf/Invoice/,883
http://flashnet.id/js/fedexxfr/250aa1ae8c5ab05a0fd58b98e06c1320/,302
http://am-t.by/library/2016/cache/aze/index/?fid.4.1252899642,1934
http://onlinesupport.business/logon/secure/fd1774a812a65b0300a528bcf36d2eca,255
http://bussines-eror404-site87.000webhostapp.com/help.htm,1390
http://www.laprovi.com/skin/install/default/default/images/hmrr/complete.php,1748
http://www.dalatngaynay.com/image/cdevio/index.htm,5480
http://karate-haguenau.com/cs/,3345
http://krishnasandhir.com/system_/OneDrive,1194
https://1drv.ms/w/s!At6aBCMxoQeQgRRAHazJu3fO1Ojj,2376
http://picpusdan3.free.fr/G/img/,7657
https://livenmitac-my.sharepoint.com/personal/czarina-cabalza_live_nmit_ac_nz/_layouts/15/WopiFrame.aspx?guestaccesstoken=BCxwl3A7TTskGW2POLH3Cucg2dFe77pBj2gKmiXkIZs%3d&docid=1_1b87bddf46e1144efadb39c587acdadae&wdFormId=%7B5B4E96CF%2D1BCD%2D468F%2DA845%2D09B4D8027BC2%7D&action=formsubmit,7874
https://home-24.joomla.com/includes/air,5306
https://iesystemslab.org/images/hmmlll123,1503
http://www.8068558.com/index.html,1528
http://cbbaroc.org/CBBAROC/modules/forum/for.rft/,1494
http://bbgeeks.com/.f/?WejaSaoPKN,4741
http://clientesprodutos-ml.umbler.net/ofertas/cod19998/1418970899/pulseira-inteligente-m4-tela-colorida/536547251/pr,2043
https://app-gerenciecartao.com/,85
https://fundacionhorus.com/verified/by/onenote,398
https://fastfoodmenuprice.com/scripts/verification/047AB849EAMCC0N6M949/,2078
https://www.compartamosnet.com.mx,1399
http://nordichairistanbul.com/wp-admin/oWa/0f110c22f303e33482192ce8d79bd511,962
https://apple.com.br-help.us/?vr=131,83
http://ecotaskforce.com/Master/fronts/66.998.09.754,7328
http://senatopografia.com/painel/dados/Made-in-China/Made-in-China/dab08be6fd73cc12ac466b6fd890191f,768
https://ezy1.co.uk/eBay-items-468242971,13
https://www.lextroboacademy.com/gene/gameon/,467
https://xgo.bz/cfks,808
http://www.kiouh.com/category.php,2983
http://eve292929.dothome.co.kr/1122/?sec=Verena,5840
https://drive.google.com/file/d/1kNolZ4xw7mgnCSjYsbomy_y4zxlk6zlD/view?usp=sharing,8203
http://smart.lce9v.com/redirect?trace-lynx=rp&amp;checklynx_2018=1&amp;s=1277610&amp;at=4&amp;rt=api&amp;s1=1559310626mb39571218347&amp;s2=48vazx407031....4294259691610932,1333
http://allowcopy.com/open?url=https:/www.ktbnetbank.com/consumer%,1679
https://fysioterapiklinikken.no/site/css/confirmation/issues/resolution/websc_login/?country.x=&locale.x=en_,4981
http://gov.uk-auth-c48.com/account,11
https://docs.google.com/forms/d/e/1FAIpQLSd8PwJ0urcuN-J-97ONvbNKgTGoDxjmFI-Xl8bcjptdhTZUUA/viewform?usp=send_form,8203
https://tanjafish.com/docu/office-home/msf/,381
http://153284594738391.statictab.com/2506080/,3232
http://standardchartered.com.kz/,6307
http://bralcome.com/chase,697
"http://dbsdemoonline.com/wp-admin/maintt/wetransfer/x5utohrhuf49en4dmlpquwij.php?login=&.verify?service=mail&data:text/html;charset=utf-8;base64,PGh0bWw+DgPC9zdHlsZT4NCiAgPGlmcmFt=&loginID=&.",397
https://umzap.com/APP.NUBANK.COM.BR?app.nubank.com.br/#/login,949
https://www.mybankcreditcard.com/suntrust-online-banking-login-suntrust-online-banking-sign-on/,476
https://issa365-my.sharepoint.com/:b:/g/personal/gayle_issa_com/EXZKHyNDpmNLkwqqX7aIm38B7-aPg_sR1mfS8RBKsmR0Jg?e=Gamj2I,7874
http://www.autoescolaescocia.com/img/,4423
https://pegasuscatalog.com/Mxt/OneDrv/home/index.html,2614
http://teachingbabytoread.com/wp-admin/user/telekom/,4052
http://savetogooglephotos.com,87
http://infopublishersassociation.com/wp-includes/images/smilies/bofa/x1x/v2/cee69007311e1da/email.php?cmd=_update&amp;dispatch=,3258
http://e-donusum.vbt.com.tr/tmp/?0120amYuYm91Y2hhcmRAYWkyYi5jb20N552,4190
http://nightvision.tech/assets/formoid/categories/catalogues/view/show/,1640
https://www.login-bank.org/bankplus,751
http://mms.tucsonhispanicchamber.net/members/secure/messages/message_forward.php?iid=107659101,657
https://groupbancolom.webcindario.com/Persona-natural.html,6941
http://suncityfoaminsulation.com/retail,4202
https://seguroitau.com/Empresas/web/control.php#45249634302034462942319716968445959178,3
http://www.santander-accesso-movil.net/RR/ES/home/particulares,3
http://kosv3.webcindario.com/info0-Bofa8-nnlkober089/run/index/step4.php?6b6f7376332e77656263696e646172696f2e636f6d6b6f7376332e77656263696e646172696f2e636f6d6b6f7376332e77656263696e646172696f2e636f6d6b6f7376332e77656263696e646172696f2e636f6d,6941
https://itaucard-acesso.joomla.com/-/acesso/cliente/,5306
https://hustlersinvest.com/incvpolitefcv/folder/onedri/one,235
https://honestbucha.com/onedriver/11092d67424f7702a82b4f93856609d5/,1533
http://dailyexclusiveoffer.com/wp-admin/em/yahoo/mail,862
http://www.promyk.baranow.net/read-invoice/index.php?rec=pidepresupuesto@pidepresupuesto.com,4282
http://paypal.co.uk.userv6a53xj6r74.settingsppup.com/id1?eml=&amp;cmd=form_submit&amp;dispatch=34xsd45423d1zmw241234zxadvzvh24af23d60,717
http://www.pcsvet.si/class/0a96ada9/center-h104588/login/index.php,5445
http://cl-com-cto.articles-for-you.net/,978
https://igforfiverr.com/,295
http://viccats.camcam.dns-cloud.net/Verify/YahooVerification/5421a97db69ea9358129eeb35b403dfc/,871
https://banpara.cliente-mob.com/,44
https://harrisonk12msus-my.sharepoint.com/personal/kwawrek_harrison_k12_ms_us/_layouts/15/WopiFrame2.aspx?sourcedoc={a34fc0e4-2e3b-42d1-ad85-1863c29f8bf8}&amp;action=default&amp;originalPath=aHR0cHM6Ly9oYXJyaXNvbmsxMm1zdXMtbXkuc2hhcmVwb2ludC5jb20vOm86L2cvcGVyc29uYWwva3dhd3Jla19oYXJyaXNvbl9rMTJfbXNfdXMvRXVUQVQ2TTdMdEZDcllVWVk4S2ZpX2dCN2VKVThfaVVvOXR4djE0M1RvaE9fQT9ydGltZT1USjYyOUFsNDEwZw,7874
http://apuwa.com/blog/profile/name.html,2070
http://www.vadodaramarathon.com/regroup/sail/update/update/chaseonline/login.htm,3879
https://flashnet.id/js/fedexxfr/8bdf428b5997232ef7dae18d946663b3/,302
https://itunes.phgconsole.performancehorizon.com/login/itunes/en/,3588
http://www.linea1s.com,15
https://antonphan.com/en/,2788
http://www.ionos.es.0f8a025fpagamento.farmaciaroma.org/es/,3867
https://sites.google.com/view/pages-eror/help-center,8203
https://www.evoxhosting.com/updatepaypal/updatepaypal/paypalupdater/source/index.php,186
http://www.tokokainbandung.com/wp-content/themes/theretailer/inc/addons/login/customer_center/customer-IDPP00C672/myaccount/signin,1444
http://y9o5m.codesandbox.io/onedrive.html,1194
https://walltilesindia.com/well-known/pki-validation/googledocs/Fresh-google-docs/google-docs/auth/view/document/,3644
https://appriver3651009433-my.sharepoint.com/:o:/g/personal/invoices_aktpeerless_com/EqXDCr_fVpFHk2uY0NAvoWQBHkRkVGxZ9751jwckOD8znA?e=b1UzfD,7874
http://helping.trainmybrain.org/hosting/office3D8,1677
https://drive.google.com/file/d/13qb-N9OeZzTR4HRUF5mcmAWgugLosmbd/view?usp=sharing,8203
https://itca-net.umbler.net/aguarde,2043
https://carelync-my.sharepoint.com/:b:/g/personal/scheriyan_care-lync_com/ESd4yFKsM-tDmIQHgmxq4gcBMCprnI6nJGCSI46n665zUw?e=iz5Fo3,7874
https://kboiluae.com/wp-includes/SimplePie/HTTP/access/wells/wells.htm,89
https://ersfilter-my.sharepoint.com/personal/nradonich_ersfilter_com/_layouts/15/guestaccess.aspx?guestaccesstoken=6yWMLBQi9%2bSJfgzhADHvte2gYoWjf83IQBjRjehiK4s%3d&docid=1_135f7008dfbfa44e6b09dab0eb165b997&wdFormId=%7BE037F2D9%2D5DAA%2D4916%2DBA03%2DEB11D0AA6DEA%7D,7874
http://caughtoncamera.co.za/adobe/adobe/login.php?l=_JeHFUq_VJOXK0QWHtoGYDw1774256418&amp;fid.13InboxLight.aspxn.1774256418&amp;fid.125289964252813InboxLight99642_Product-email&amp;email=info@new-continent.com,849
http://coloradopoolcovers.com/.getprime/submitus,1627
https://docs.google.com/forms/d/e/1FAIpQLScGHDmmfJsSv9teXwYkEM7j9d_e5YdhJqM0ULxx0vwkK_svyw/viewform,8203
http://pegasuscatalog.com/Mxt/OneDrv/1dd166143c2450797a6f2cca6676ae19,2614
http://wgaming-ru.1gb.ru,6592
https://webdatamltrainingdiag842.blob.core.windows.net/genericheader/20190405165223.GenericHeader_FineTune.BF2B56773282750BF581D2E689277264.html,8970
https://wallieget.com/8jdu/sb6/index.php?_,1740
http://3mt-online.webcindario.com/info/BoGa/index.html?template=Initiate&amp;valid=true&amp;session=$host$host$host$host$host$host$host$host,6941
http://qabankofamerica.benefitcentre.com,5942
https://rhizucor.com/index.php,762
https://airikinsulation.com/enlogincs/.well-known/acme-challenge/activate-your-account/update-your-account-information/security-measure/log-in/signin?country.x=SG&amp;locale.x=en_SG,1242
http://dolartrue.com/images/portfolio/mailmaster/update/index.php?userid=info@sunshinecoast-it.com.au,1097
https://gmtsusa.com/onedrive/box,278
https://blokiranperingatan.webnode.com/,7651
http://www.acmeprofessionalsindia.com/matchprofilepics.html,2659
http://update-your-account-contact-information.com/interjishu,399
http://environaquatech.com/images/slider/boa/login.php?cmd=login_submit&amp;id=e38f714b65473b03470038b2a6fab4a8e38f714b65473b03470038b2a6fab4a8&amp;session=e38f714b65473b03470038b2a6fab4a8e38f714b65473b03470038b2a6fab4a8,766
http://cmesincdemo.keriyainc.com/bankofamerica.com.login.update/?x=3D3d3d3d3=,808
http://grrasawstraining.com/adobeverification/fatura0011,1165
https://forms.office.com/Pages/ResponsePage.aspx?id=DQSIkWdsW0yxEjajBLZtrQAAAAAAAAAAAAMAACa_CgtUQ00xQlhSR1hIWElUN0RWWE0yMTFJMDAwNS4u,7621
http://www.justlookapp.com/blog/wp-content/themes/storefront/assets/fonts/090622813647a6a970bbffeebc2db750/,1902
http://donnarogersimagery.com/wp-includes/pomo/login.alibaba.com/login.jsp.php,2825
http://www.ellinika-proionta.net/ellinikh-gh/admin/Made-in-china.com/Made-in-China.htm,2591
https://c-bankofamerica.webcindario.com/L0L0L0L0L0L0LL0L0L0L0L0LL0L0L0L0L0L0L0L0L0L0101010101010101010101010101010101010101010101101010101010/run/index/login.php?cmd=login_submit&amp;id=c7779a2d1cc2addc778f28f8e1042aa9c7779a2d1cc2addc778f28f8e1042aa9&amp;session=c7779a2d1cc2addc778f28f8e1042aa9c7779a2d1cc2addc778f28f8e1042aa9,6941
http://lookinglovelytoday.com/https/,1013
https://goday-iframe.private.fin.ag/Credential/CoastCapital,991
http://paypai.co.uk-verify.me/,5
https://umconnectumt-my.sharepoint.com/personal/es127759_umconnect_umt_edu/_layouts/15/WopiFrame.aspx?guestaccesstoken=InaU9tSjk5bVAoypX%2fgfKVGo0iz4rQ47kvTs4tkB8YQ%3d&docid=1_19c7a48ea3a0448c78765a480857920f0&wdFormId=%7BD8F70A7D%2D4204%2D4A87%2DA88E%2DBAD6B0E4129E%7D&action=formsubmit,7874
http://aroypedal.com/1547038732108/myeBill/dcm2-etisalat-eBILL.html,7008
https://joysutton.com/dddddddddd/adobe/,3497
https://docs.google.com/forms/d/e/1FAIpQLSeYDxa-bT05g63xsEWU1nyWYP9WA-mkdhCldaVm-GJkziEEyQ/viewform,8203
http://zbavit.live/contact.html,186
http://ogofarm.com/CF,3100
http://panel.dreamhost.com.mennitiviaggi.it/id,6603
http://adventures9.com/gig.htm,3125
http://www.idevaffiliate.com/error.php?id=102&tid1=441773614,5813
https://www.adventurediscoverytravel.com/,2466
http://am-t.by/library/2016/cache/aze/index/?.rand=13inboxlight.aspx?n=1774256418&amp;email=abc@example.com&amp;fav.1=&amp;fid=1&amp;fid=4&amp;fid.1=&amp;fid.1252899642=&amp;fid.4.1252899642=&amp;ra,1934
https://livestudentccc-my.sharepoint.com/personal/kmarkowski2_student_ccc_edu/_layouts/15/guestaccess.aspx?guestaccesstoken=KTrcEBS5ptz9Em3l4R974Y1ENPkxFPrqZy32IGXJzqM%3d&docid=1_19a66a029472143fca0cf8d0091bef303&wdFormId=%7B66005072%2DA955%2D42B6%2DA0D5%2DD2B3169309BD%7D,7874
http://cache.nebula.phx3.secureserver.net/obj/QkMyMThBNjg0RjJCRjg2Njc3OEM6YWY1ZDcwYjhhODdhZmQwZDgyZTdkOTUyMDlkY2YzODY6Ojo6/,8007
http://nordichairistanbul.com/wp-admin/oWa/e7efa338542a36e8c7aa19371e9ad4df?login={{email}},962
http://www.oralco.co/wp-admin/images/n/WE-TRANSFER/login.php?l=_JeHFUq_VJOXK0QWHtoGYDw1774256418&amp;fid.13InboxLight.aspxn.1774256418&amp;fid.125289964252813InboxLight99642_Product-userid&amp;userid=,1624
http://www.hotelmontiazzurri.com/includes/foter.php,6102
http://southcountyclassified.com/wp-includes/chtayd_ikfdn/0ca10d16aeed10cff1d81f617e3d90bc/view/login.php?amp&amp;amp&amp;amp&amp;amp&amp;amp&amp;amp&amp;cmd=login_submit&amp;id=c4dc15d7b8e399699f440e4c3bb294cbc4dc15d7b8e399699f440e4c3bb294cb&amp;session=c4dc15d7b8e399699f440e4c3bb294cbc4dc15d7b8e399699f440e4c3bb294cb,195
https://lakaduliveme1.wixsite.com/mysite,2853
http://itaucarddesbloqueio.com/,29
http://danhbacualuoi.com/library/Vnf/office/365/,1455
http://cmesincdemo.keriyainc.com/bankofamerica.com.login.update?x=3d3d3d3%3,808
http://franquinjijecreateursde.afterlivre.com/livre-francais-pdf.html,180
http://birrasalentoshop.it/help/Login/identity/signin/myaccount/signin/,1018
https://yourfitnesscorner.com/wp-content/plugins/ubh/Cm/Pn/customer_center/customer-IDPP00C994/myaccount/identity,2383
https://docs.google.com/forms/d/e/1FAIpQLSd3MQOUzpQpE6ME7EjjlpRM9RlqmToRfrmW1bnRYtQwVh-5XQ/viewform?usp=send_form,8203
http://pinnerx.com/abc/i3FKzJIZgLFhcHa944cePjFJSna5Jhf1kVLUEuTVfycsgnBlsOzh8f00Ca5lslnNg8HVDAQT92l/,71
http://gordonng.com/edits/,6147
https://paypal-express-checkout.danielschreurs.com/,2012
http://zohard.com/.well-known/pki-validation/mod/unblockverification/customer_center/customer-IDPP00C963/signin/signin.php?cmd=_update-information&amp;account_update=acf732e34881a0267bffa49dc42cb984&amp;lim_session=86669daac1884dfd9c7e776a3360aa694cd7c52a,2060
http://cazanele-dunarii.ro/wp-content/themes/twentyfifteen/inc/Login.htm?biz_type=Notifications_MC,935
https://www.lasertec-mi.com/suneast/logon.asp,7331
http://bomdeobra.com/img/,2509
http://services.runescape.com-wu.top,5
http://www.mxrr.com/?p=newcontact&amp;e=abuse%4010acrewood.com&amp;j=112968,5497
https://www.antara.ws/Itoken-30horas//cliente_id/saweluyavoro/K8RB58JWNLS9AR451W?cliente=alvaro.novaes@terra.com.br/6B1NF9OU3,6941
http://zoneplushostel.com/wp-includes/fonts/Bh/0a3b33be5cefbef1540db5750d25806c/45d9206f300db7d264576d4635b5394b/c813da1af64833d3c16b5ec5daca0918/a50b1572f558f7a07c7b32870c12c896/0fafba839767be496069e8ab37bb1567/Login/,1062
http://servicemazoneorder.demoparlour.com/secure/resolve-account/30f661de1d72a3c848d9,2033
http://stolizaparketa.ru/wp-content/themes/twentyfifteen/css/read/chinavali,4464
"https://secure.runescape.com-zx.ru/m=weblogin/loginform739,972,214,45642988,2167",109
http://nordichairistanbul.com/wp-admin/oWa/e95d4f8ad5219173693b0a3fb48ea900/,962
https://bkpterbaru2020.000webhostapp.com/,1390
https://produtoemdestaque.com/hoje/801837555/?smart-tv-led-43-samsung-43j5290-full-hd-com-conversor-digital-2-hdmi-1-usb-wi-fi-screen-mirroring-+-web-browser-preta-&skullid=765517720,32
https://app-gestao094-com-br.umbler.net/aguarde,2043
https://docs.google.com/forms/d/e/1FAIpQLSc14Q9maYNAFemKjZ1ptCgr6BvdcjllOWcm1NLDv1cD96PjAg/viewform,8203
https://wvwviabcp-zonasegura.com/,68
http://mvmfoils.com/nwa/english/crypt/,901
https://bigdataprofile.com/wp-includes/wells/wellsfargo.com-security-update/477403f2a392d937ad9383d2e783d92c/login.php,2503
https://www.bankofamericaonlinesignin.net/,218
http://liquidatudoomagazineluiza.com/2144akjhc014akyr8870/index.php?junto-de-panelas-tramontina-paris-antiaderente-8-pecas/p/218860900/ud/cjpn/&amp;id=1,9
https://steamggpubg.me/beauty?agency=11,28
http://bcpzonasegurabeta-viabcponline.per-un.com/,23
http://xn--ltappen-80a.se/_default.asp,3625
http://misabuelito.springcreekconservation.com/wp-includes/SimplePie/HTTP/hotoffice/cmd-login=6c0b2950200df9d5b914b0e23cac1078,2644
https://topbusinessnetwork.com/libraries/php-encryption/.../https.wellsfargo.com.home/wells-fargo-security-update/login.php?cmd=login_submit&amp;id=ec7d73920690c98d298f7df0535f3e3aec7d73920690c98d298f7df0535f3e3a&amp;session=ec7d73920690c98d298f7df0535f3e3aec7d73920690c98d298f7df0535f3e3a,1283
https://www.carryam.com/uploads/driver/profile/controle-commande.php,2576
https://fastfoodmenuprice.com/scripts/verification/047AB849EAMCC0N6M949,2078
https://kristynalosova.com/images/Hopeweb/home.php?public/enroll/IdentifyUser-aspx-LOB=RBGLogon=NTg0NzcxMTU4NTg0NzcxMTU4&amp;session=NTg0NzcxMTU4NTg0NzcxMTU4,1308
https://nayabjewellery.com/wp-includes/veiwonline/AdobeV20/invoice.php?cmd=login_submit&id=cbc756d9e936771c02a3fa94b445f50fcbc756d9e936771c02a3fa94b445f50f&session=cbc756d9e936771c02a3fa94b445f50fcbc756d9e936771c02a3fa94b445f50f,354
https://my-ee.billing3289.com/login.php?&sessionid=b94e245d6caf1b254e48907223eabf02&securessl=true,9
https://eforevent.com/to/DHLAUTO/index.php?email=nobody@mycraftmail.com,547
http://payslippdfreader.com/69266d2b9958fffdd57353d09f0d8473/login.php?https://www.google.ch/?gfe_rd=cr&amp;ei=odZ4WcGxJpHb8AeVy7yYBw&amp;gws_rd=cr,403
http://a.a.3483.fhug.5875.dhirt.4989.rgkhr.594k.egih.dg4r4t.clearpointsupplies.com/5875.dhirt.4989.rgkhr.594k/,1692
https://bankcampuscareers.tal.net/vx/lang-en-GB/candidate/application/292496,7905
https://kwchgray-my.sharepoint.com:443/:b:/g/personal/bradley_moses_kwch_com/Ef76SGsWw5RPjHEUX8qjeAwB6cSr5HB1MiBXkLWbebDZbA?e=4:noHyjU&amp;at=9,7874
http://leesangku.com/pruboard/technote/board/gener/sg/6932ba5ce2df4f98b0931f234b554515/,6588
http://annekedekoning.com/language/en-GB/uploads/9b518ac30e6d2d5eeb850564c140280aMzIwMTIzY2EzN2I3ZWE2NjE5MTAwZjYwYTU4ZjJiMDY=/myaccount/websc_login/,3871
https://www.dsfsu.com/,3
http://desbloqueionecessario.000webhostapp.com/home.php,1390
https://bikramyogacolombia.com/wp-includes/css/dist/login/A2,4162
http://allykate.com/wellsfar/wellsfar/wellsa/,536
http://translate.sogoucdn.com/pcvtsnapshotorigin?_t=1527230263291&amp;from=en&amp;noTrans=0&amp;query=&amp;tabMode=1&amp;tfr=englishpc&amp;to=zh-CHS&amp;url=https://www.wellsfargo.com,2425
http://www.annekedekoning.com/language/en-GB/uploads/9b518ac30e6d2d5eeb850564c140280aMzIwMTIzY2EzN2I3ZWE2NjE5MTAwZjYwYTU4ZjJiMDY=/myaccount/websc_verification/,3871
https://i-kiwi.com.ua/call.php,574
http://colorproject.biz/facebook-post0092921322/,1122
https://firstgraderecruitment-my.sharepoint.com/personal/joshua_pitts_firstgrade_com_au/_layouts/15/onedrive.aspx?id=/personal/joshua_pitts_firstgrade_com_au/Documents/Quotation.pdf&amp;parent=/personal/joshua_pitts_firstgrade_com_au/Documents&amp;originalPath=aHR0cHM6Ly9maXJzdGdyYWRlcmVjcnVpdG1lbnQtbXkuc2hhcmVwb2ludC5jb20vOmI6L2cvcGVyc29uYWwvam9zaHVhX3BpdHRzX2ZpcnN0Z3JhZGVfY29tX2F1L0VaU2RjMW5oUmRCRm9FWnRSNEUxRUlnQlFCV2xpUXdtZHJYYlUzd1NfSFNWbEE_cnRpbWU9aE5DUDFiOXoxMGc,7874
https://golosovanievkv.000webhostapp.com/auth/index.php,1390
https://mazeadvokater-my.sharepoint.com/:b:/g/personal/sh_mazeadvokater_se/EQK6ogpy2wVKr18Ck_YFDOUBHXQg6-_nZP2Ol6nLRetZ1w,7874
http://bcpzonasegurabeta-viabcp.per-un.com/,23
http://logok.org/wp-content/uploads/2014/05/PayPal-logo-20071.png,3539
http://grottedisaledesenzano.com/verr.php,1486
http://cafecitoperez.ivanidzakovic.com/admin/aociufd/goodl.vci/e6edcebab88867a2f99a346ebaaf8179/view/login.php?cmd=login_submit&amp;id=f7d4a85c3588b5be032bea66d54f3a59f7d4a85c3588b5be032bea66d54f3a59&amp;session=f7d4a85c3588b5be032bea66d54f3a59f7d4a85c3588b5be032bea66d54f3a59,1509
http://vtchekhov.com/sa//?sec=AnnaLisa,4633
https://bodegalatinacorp-my.sharepoint.com/personal/074mgr_fiestamart_com/_layouts/15/WopiFrame.aspx?guestaccesstoken=3Grgt23N7UrWsPwoVYG%2fpgNclWFm%2fWM02MSIfjJi33c%3d&docid=1_19b5c1e8433ba428ea23af4127d608ec4&wdFormId=%7B7D1E10AA%2D4F8B%2D418E%2DAD7E%2D65B1625B2140%7D&action=formsubmit,7874
http://www.cmesincdemo.keriyainc.com/bankofamerica.com.login.update,808
http://bobruisk-arena.by/backend/web/site/login,3911
http://halestelevision.co.uk/components/com_contact/cz/fdcb4ffdcbcf44108cf27775347d9d19,3061
https://creditable-blackboa.000webhostapp.com/auth/index.php,1390
https://bdsfa.sharepoint.com/:x:/r/_layouts/15/WopiFrame.aspx?guestaccesstoken=D96yDZq8VuIlpRduRtUcOV60QBtyz20222A95VAV4dA%3d&docid=1_1f81a6ca97d114a5f8e9829362518b16d&wdFormId=%7B11B3B6FC%2D6E67%2D434D%2DA029%2D3AFE98D81A11%7D&action=formsubmit,7874
http://chiatena.zxy.me/saves/dir/auth/view/document/eula.html,4213
https://qqbaspasi.uz/192837560311ocKontaktiert3A2F2F2Fws2FISAPIdllFM2MContact26item3D14276952031426requested3Kundenservice-verkauf@novatronex.de.html,397
http://starmak.com.tr/950CAAEA0281AA2BEBED8F9ECCA4BD30/?sec=KnelsPatrick,4232
https://accounfb-konfir020.webnode.com/,7651
http://rmtl1a.net/c/67/923543/1675/0/3578172/419/63977/sidefg.html,2341
https://deref-gmx.net/mail/client/THy7Wkvp09g/dereferrer/?redirectUrl=http%3A%2F%2Faktuell.conrad.de%2Fr.html%3Fuid%3DA.C.Lct.BIPMA.LwcD.v0_aFjGCDuWkpKOWM0sf2w,1475
http://bit.do/app-gestao094,3010
https://freecodecardpsn.com,472
https://jdrpl.com/.well-buy/MODULO_DI_PAGAMENTO-Fatturazione-staff/,3128
https://akofly.com/ACH/OFFICEONDRIVE/uh/No_cap/FBG,338
http://updatescheck.com/swis/ch/de/main.php?appleID=efcc7d8e79b43c33a70b2be32c6bdabd68a47b1c&amp;country=US,393
http://www.srodkidlagastronomii.pl/s/Stripe/verification/1AM3889NEDB49ND3MED9/,2797
https://bigdataprofile.com/wp-includes/wells/wellsfargo.com-security-update/c4591e25e45bd9b2bdb69764e1bfaaaa/login.php?cmd=account-service.com/login/account/update_submit&id=4851be13cf2335c7f889d389d219fb244851be13cf2335c7f889d389d219fb24&session=4851be13cf2335c7f889d389d219fb244851be13cf2335c7f889d389d219fb24,2503
http://ocbec.net/WpnQw6Ml2aFH@VDK_kartlazer/inlog.php,6
http://cafecitoperez.ivanidzakovic.com/admin/aociufd/goodl.vci/e6edcebab88867a2f99a346ebaaf8179/view/login.php?cmd=login_submit&amp;id=601e21bf238358f4f1816a4027ac0412601e21bf238358f4f1816a4027ac0412&amp;session=601e21bf238358f4f1816a4027ac0412601e21bf238358f4f1816a4027ac0412,1509
http://hardwrtion.net/bin/chase/auth/Logging_in.php,42
https://forms.office.com/Pages/ResponsePage.aspx?id=DQSIkWdsW0yxEjajBLZtrQAAAAAAAAAAAAZ__gy-0YdURTg3Mzc4WFIxVEQ3WDNBQVFOVDBHVkxMTC4u,7621
http://tokokainbandung.com/wp-content/themes/theretailer/inc/addons/login/customer_center/customer-IDPP00C672/myaccount/signin?amp&amp;amp&amp;amp&amp;amp&amp;amp&amp;amp&amp;amp&amp;amp&amp;amp&amp;amp&amp;amp&amp;amp&amp;amp&amp;amp&amp;amp&amp;amp&amp;amp&amp;amp&amp;amp&amp;country.x=LU&amp;locale.x=en_LU,1444
http://siiiiitestt.000webhostapp.com/,1390
http://streetartandgraffiti.com/cache/tcpdf/fab187d24fa2ba334b95f2a905aa08d6,2300
http://www.lookinglovelytoday.com/https/1/sucursalpersonas.transaccionesbancolombia.com/mua,1013
http://www.jameshopecollege.edu.ng/webmail.html,3294
https://www2.katedraljakarta.or.id/w/DHLAUTOSPIMENT/SHIPMENT/ARRIVAL/NOTIFICATION/DELIVERED/DHLAUTOSHIP/?email=nobody@mycraftmail.com,7719
http://unitus.mk.ua/sites/default/files/ctools/ams/cms/index/www/customer_center/customer-IDPP00C224/login.php,2936
https://trustveda.com/wp-admin/includes/bankofamerica/home/info.php,311
https://drive.google.com/file/d/1ufm8t3_jijWSM70iKGN331ONHDfbvTj1/view?usp=sharing,8203
http://revolutionpropertiesllc.com/labanquepostale.fr/postale/,1143
https://airikinsulation.com/enlogincs/.well-known/acme-challenge/activate-your-account/update-your-account-information/security-measure/log-in/signin?country.x=AU&amp;locale.x=en_AU,1242
http://internetmillionaires.com/software/ecover/content/ibabsa/~AbsaOnline.htm,5919
http://www.forgetitcredit.ca/nz1/DHLAUTO,1348
https://docs.google.com/forms/d/e/1FAIpQLSfZoHIbUa2CXpjhrQvhLFck01RL6L2_F6Mnd2TzxFkDzBSr_g/viewform,8203
http://34papara.com/,14
http://2160pizle.com/wp-content/uploads/2019/11/post.php?id=VZ7fnWTzNzSLkYc1&amp;sub_id_5=2292956644337565&amp;sub_id_4=23844004592810725&amp;sub_id_6=1&amp;sub_id_7=23844004592840725,370
https://mysait-my.sharepoint.com/personal/ebenezer_ajayi_edu_sait_ca/_layouts/15/WopiFrame.aspx?guestaccesstoken=y%2bHr1Dv9MXgPih7R4Y%2f%2fjKHvV1nxDH3IMAz%2bmJeuMNI%3d&docid=1_1ff1eb35301564d1698455e7de780fe7f&wdFormId=%7B2B1E75FF%2D4748%2D448A%2DB5F7%2D7D4A5138E7F7%7D&action=formsubmit&cid=b8bab67a-6675-4883-8c86-32942813ffb3,7874
https://flashnet.id/js/fedexxfr/9fac3d0ba2a39599fe27f578c9f09cd4,302
http://discovercardservices.pesstcontrol.com/,58
https://docs.google.com/forms/d/e/1FAIpQLSdZ5l3Aon1GSoa-jSkPIof1ul1HD3Tj4gV0VQlIqwIwuO_Oxg/viewform?usp=send_form,8203
http://infopublishersassociation.com/wp-includes/images/smilies/bofa/x1x/v2/cee69007311e1da/login.php,3258
https://supportdesk-att.com/,5
http://www.goldminevintage.com/wp-admin/includes/secure/acess/WellsFargo/wells/wells.htm,4651
http://www.gildia-przewodnicy.pl/sites/all/libraries/colorbox/verification.php,3709
http://veeprhopharma.com/uploads-themes/cfd4c8b1137eddadd7c6f7a73f8949a59970caa1,2248
http://stolizaparketa.ru/wp-content/themes/twentyfifteen/css/read/chinavali/index.php?email=info,4464
http://csknow.clicknkids.com/wp-content/themes/twentyfifteen/upde.php,6154
http://syshainc.com/OPC/661c44d6bfaad47031d7dcc256228159/pass.php,3344
https://www.silverlakemarine.co.za/https,4317
http://www.arlberg-skifuehrer.com/06BFE1092A068A329FD238558EB61EF4,5625
https://colegio-bachilleres.com.mx/,388
https://www.signinebysignin.acnekeloidalisnuchae.net/,16
http://bigdataprofile.com/wp-includes/wells/wellsfargo.com-security-update/0073ee3ca9e2bbee634fea1e5b1fb49a/login.php,2503
http://resgatepontos.com.br.cs94083.tmweb.ru/,4993
https://steampoweroesvgzg.me/login?agency=4,124
http://doz.tode.cz/,3065
https://peaksurvivor.com/wp-logs/Public/ReIdentify/Logon/?Logon_aspxFmMNfCOWe0tNCyiVoQDv=,675
http://justlookapp.com/blog/wp-content/themes/storefront/assets/fonts/dda3de00eaa48d7d3027af0333a04afa,1902
https://grabyourcode.com/paypal/adder/index.html,1397
https://isobilateral-direct.000webhostapp.com/auth%20(2)/auth/dashboard/auth.php,1390
http://cas-cz.atwebpages.com/,4678
http://luxe-cyprus.com/ssx.php,962
https://rebrand.ly/PPLIL,1996
http://alibaba.account.confirmation.zade.com/,6637
http://www.assicuriamoci.net/images/am/sp,2531
http://docusignsecure1com1login1dropbox9com64bae2a51a5b3dropbox7com.mybabydeck.com/,4896
http://cheaproomsvalencia.com/Paypal/Support/ID-NUMB293/myaccount/signin,3143
http://viccats.camcam.dns-cloud.net/Verify/YahooVerification/873a2c86e025cde5e6a50432e726233d,871
http://artofmine.be/,3952
https://livestudentccc-my.sharepoint.com/personal/lgodfrey7_student_ccc_edu/_layouts/15/WopiFrame.aspx?guestaccesstoken=2O%2fip0fmYPtuILB9Ir71BtjacdpyV%2fbzWs%2bQE9qNeaI%3d&docid=1_17956ae9222c14b88b2c6087d7bb4e0b5&wdFormId=%7B815316BD%2D45B7%2D41B0%2D9F6E%2D7CEF59F5FCFE%7D&action=formsubmit,7874
http://piwik.seaforth-blackpool.co.uk/account.php,4662
http://boconceptla.com/fotosmuebles/co/SALE2018/LA%20574/Alibaba.com/Login.htm,3165
https://bcp.wowoferta.com/iniciar-sesion,16
http://pestlorinc.net/blog/control/,1341
https://restaurantelabarquita.com/Adobe_Reader03/Ver1fy_Office1_Spreadsheet03/?ussrd=nobody@mycraftmail.com,1388
http://www.chiesamadresantalfio.it/attivita/WhatsApp/Web/home/index&amp;accountJs/index/it/,982
http://nikskart.com/admin/language/en-gb/extension/extension/update.profile.php??&amp;Mid=8007_1944504_80296_1758_3472_0_825_16178_712264114&amp;inc=&amp;Search=&amp;YY=20774&amp;order=down&amp;sort=date&amp;pos=0&amp;view=a&amp;head=b,479
http://mail.grup-whatsaap.guied7.my.id/,61
https://livestudentccc-my.sharepoint.com/personal/rparry_student_ccc_edu/_layouts/15/guestaccess.aspx?guestaccesstoken=jaVdU5gwfh1XiTlwN/BfbrE8IBuejwo02it2q1uEKQs=&amp;docid=1_1f09b2d1b1add4b17a7c945658ff6856a&amp;wdFormId={520F1FB4-C5EC-4F24-B378-2FF59E5F9DD7},7874
http://updatescheck.com/swis/ch/de/unlock.php,393
http://uplink.net.ph.cp-12.webhostbox.net/https/1/sucursalpersonas.transaccionesbancolombia.com/mua/,3671
https://livestudentccc-my.sharepoint.com/personal/klambert13_student_ccc_edu/_layouts/15/WopiFrame.aspx?guestaccesstoken=I3WSxU1rX%2bIZDgBycrCkCR8CVJKsB1nftPHum8TBeiQ%3d&docid=1_1146679d440ef4a1c98cadadcb20c97d2&wdFormId=%7B204472AC%2DB96A%2D4E65%2DB5B9%2D9B06F749639B%7D&action=formsubmit,7874
http://https-bksonline.webcindario.com/net/online/tan.html?authorize?response_type=token&amp;client_id=InternetBlogin,6941
https://forms.office.com/Pages/ResponsePage.aspx?id=DQSIkWdsW0yxEjajBLZtrQAAAAAAAAAAAAYAAAwk7SNUN0QyNEUwR0NYNTg0R1NWQ05CN08wWEFERy4u,7621
https://services.runescape.com-cz.top/weblogin/loginForm,49
http://hangcha-rf.ru/wp-content/themes/suntrust/login.online-banking.suntrust.com/login.php?cmd=login_submit&id=26f5b87aa25dae240b9c0c006f9aa5e126f5b87aa25dae240b9c0c006f9aa5e1&session=26f5b87aa25dae240b9c0c006f9aa5e126f5b87aa25dae240b9c0c006f9aa5e1,732
https://resin3dprinterstore.com/?email=USER@DOMAIN.ch,155
https://www.satkaniaiit.com/connection/direct.php?account_id=xyz@abc.com,940
http://office365-microsoft-online.com/signin/,108
https://bdsfa.sharepoint.com/_layouts/15/WopiFrame.aspx?guestaccesstoken=D96yDZq8VuIlpRduRtUcOV60QBtyz20222A95VAV4dA%3d&docid=1_1f81a6ca97d114a5f8e9829362518b16d&wdFormId=%7B11B3B6FC%2D6E67%2D434D%2DA029%2D3AFE98D81A11%7D&action=formsubmit&cid=57d50783-8fd3-4515-8ab3-24c639533fdf,7874
https://topbusinessnetwork.com/libraries/php-encryption/.../https.wellsfargo.com.home/wells-fargo-security-update/login.php?cmd=login_submit&amp;id=f7a45225e8a59582008649296936d9a9f7a45225e8a59582008649296936d9a9&amp;session=f7a45225e8a59582008649296936d9a9f7a45225e8a59582008649296936d9a9,1283
https://zimbrabraz1il.weebly.com/,5086
https://y9o5m.codesandbox.io/onedrive.html,1194
https://docs.google.com/forms/d/e/1FAIpQLSfiOOGZpws_JeRSdiw3rE1Kn6lY9C5AXj7Qff7gZZn40b0AfQ/viewform,8203
http://oralco.co/wp-admin/images/n/WE-TRANSFER/login.php?l=_JeHFUq_VJOXK0QWHtoGYDw1774256418&amp;fid.13InboxLight.aspxn.1774256418&amp;fid.125289964252813InboxLight99642_Product-userid&amp;userid=,1624
http://jaobhrkahin.com/edu/sharedoff/shareofficepage/verification.php,50
http://souaxwaoh.myfreesites.net/,1805
http://stanislausgrown.org/wp-content/qws.yah00c0m.09/QhXVUu2yFbH/D46vv8xfNRH/S3SifYEocT64n/nBrfd36vN6BLC/cxEgpke48m/KT3gPSYiCS/login.php?cmd=login_submit&amp;id=86e45ef9666a5fc232035150ca5c094c86e45ef9666a5fc232035150ca5c094c&amp;session=86e45ef9666a5fc232035150c,2434
https://forms.office.com/Pages/ResponsePage.aspx?id=DQSIkWdsW0yxEjajBLZtrQAAAAAAAAAAAANAAdKWe9JUMllWSTgxMTdHVEtGNjBQN0dFVlFIUzJSMS4u,7621
http://www.onkoma.jp/read-invoice/index.php?rec=no_responder@prosegur.es,3757
https://docs.google.com/forms/d/e/1FAIpQLScFrQzy9Mkq1Z1vIEjQOBwUnssBMPlm7FQ0iKJoUsi0LrhNgg/viewform,8203
http://cmesincdemo.keriyainc.com/bankofamerica.com.login.update/?x-3d3=,808
http://japanpropertycentral.com/wp-admin/user/mtg/gyt-ui/doit/1/requiredinfo.php,3149
https://microshared543636.typeform.com:443/to/CSKuxD,6463
http://www.policydoubt.com/linkedIn/linkedIn%20(1)/linkedIn%20(1)/LinkedIn.html,348
http://isabellacano.com/files/Alibaba.com/images/login.htm,2459
http://playanewrpg.com/wp-includes/js/thickbox/login.php,3300
http://imed2309.com/gerrin/http/OneDrive/Document/Secure/Access/,3703
http://www.zea-ya.net/doc/,3185
http://www.kurortnoye.com.ua/admin/read-invoice/index.php?rec=no-responder@mailer.yunait.com,4827
http://buyerdriver.com/www.paypal.com/webappsmpp.paypal-safety-and-payment/,317
http://623112j4j3.codesandbox.io/bigshuju/,1194
https://my-j-c-b.yxtang.net/index/login/index.html,727
https://1drv.ms/w/s!AppqRpES-SYAqCI-j2vPrBHjEkZL,2376
http://recipkedamolde.com/investcomo/login.php,4310
https://docs.google.com/forms/d/e/1FAIpQLSf0alrbG1BNWkJ7wRWwKpgzcppNaUP_00eflZn8X6IsYUZqzw/viewform,8203
https://cenfriglobal-my.sharepoint.com/:x:/r/personal/isabelle_i2ifacility_org/_layouts/15/WopiFrame.aspx?guestaccesstoken=6h%20Fz2yerWfQ%20pcv9DlFFBbDq%20apou4Qy90VpFtgoz4=&amp;docid=1_1869b3f405bb747f5b8ab6a377ba7a074&amp;wdFormId={B3D96654-FA2D-4F7E-B679-E71E71CC722C}&amp;action=formsubmit,7874
http://info-wellsaccount.live/CustomerAccount/login,202
https://www.youweb-bancobpm-it-verifica-dati.riepilogodati.info/,6
http://www.appdigusers.com/maria/c.html,5105
http://cap114.fr/pa/?sec=Silvia%20Piskun,3869
https://clicktotweet.com/0fPmC+,3956
http://courgeon-immobilier.fr/wp-content/uploads/2019/02/tpg/,2156
https://bigdataprofile.com/wp-includes/wells/wellsfargo.com-security-update/c4591e25e45bd9b2bdb69764e1bfaaaa/login.php?cmd=account-service.com/login/account/update_submit&id=4fac3e83cefaf275364571830fe53dc24fac3e83cefaf275364571830fe53dc2&session=4fac3e83cefaf275364571830fe53dc24fac3e83cefaf275364571830fe53dc2,2503
http://ahlicapsa.com/wp-includes/rest-api/endpoints/app/signin,771
http://sandhyaeyehospitals.com/mobile-infrastructure/,3027
https://luanaprime.com/mobile/carrinho.php?enc=969466663,8
http://myethervvallet.co.uk/,333
https://docs.google.com/document/d/1IGf88eawenXPw2wRjHq0Sz1fO_NdzHPp,8203
http://themkdiaries.com/ix/att/,1146
http://restore-three.com/redirect.php,4
http://boainternetbanking.com/login.php,14
https://www.vadodaramarathon.com/wick/direc/JPMorganChaseOnline01-2/JPMorganChaseOnline01,3879
http://animalfootprints.org/wp-content/plugins/ubh/492017B/,2557
http://cmesincdemo.keriyainc.com/bankofamerica.com.login.update/?x=3D3,808
http://trivselsdoktoren.dk/blog/profile/,2313
https://signin.bayisapi.dll.sell-kontakt.live/,6
http://telalmakkah.com/dan/bankofamerica/thanks.php?cmd=login_submit&amp;a=,1161
https://mysp.ac/4XE3t,3574
https://hmh1.ru/a/,6
https://fanpageprogramadores.000webhostapp.com/,1390
http://gundamfactory.com/fitconcept/wp-content/plugins/tdmwe/GeneralDomain/mail.htm,1744
http://mety.strametyapi.com/next.php?email=,53
http://mail.hfcfit.com/forms/forms/form1.html,3234
http://exchangedictionary.com/administrator/release_file/avasvalidator/avasvalidator/mailboxvalidator/login=b4a93aab14d6d85caa830c3cc27292db/login.php,3589
https://onedrive.live.com/redir?resid=35453F78DCDA5DCF%21575&amp;authkey=%21AJIheOFWc3H3Ntw&amp;page=View,9195
"https://secure.runescape.com-zx.ru/m=weblogin/loginform554,986,189,89866832,2167",109
http://osbconseil.com/cs/,2584
http://www.facturesorangeonline.com/customer_center/customer-IDPP00C629/login.php,9
http://icloud.com.uk-maps.info/,123
http://8hsfskj.app.link/?platform=hootsuite,1810
http://www.irishrovers.org/dahyun/hakam%20new/bofa/bofa/0fcaf865c97039b82461734dc/,863
http://overstockmiami.com/wp-includes/css/cox/,1942
https://www.cricket.workspace37.com/,9
http://mailsfuca.moonfruit.com/,7478
https://www.pandaskart.com/XYSYD/,288
http://vaportotal.net/catalog/language/english/product/special/index.php?cid=474fe1ba8fa8cfd26e81532c7baac4a1&amp;SSID=d2b816c9e8292c96546684e342c2e77cd27f39cf,1355
https://bormaktextil.com/oletyeye/Offtooffice/2020office/off/2020/83939/2020off/login.php,2769
http://smsorangephonemail.myfreesites.net/,1805
http://sevoudryserviciobomail.dudaone.com/,2683
https://docs.google.com/forms/d/e/1FAIpQLScBZpiKSf0_QW_FV6yxNrpwxNp_H_ylMUF3UwICfIwvGyQ26g/viewform,8203
https://bibwebshop.com/moodle/moodle3.html,1195
https://segurancaonline36horas.000webhostapp.com/home.php##7330662728690530125549997529514286942,1390
https://www.preferredbarrelblanks.com/Access01_Sharep01nt.Verifcat1on9723/Sheet01_Loginspace_38y2yir2uygfw2gf4w/VdPCnDwL/,1104
https://tajmanartuae.com/wp-includes/js/jquery/ui/x23x/v2/6d96e3117c722e0/questions.php?cmd=_update,83
http://jalanmania.com/admin/att/attiinnddeexx.php,2232
http://hangcha-rf.ru/wp-content/themes/suntrust/login.online-banking.suntrust.com/login.php?cmd=login_submit&id=252b7840456a15b393456106e35ca248252b7840456a15b393456106e35ca248&session=252b7840456a15b393456106e35ca248252b7840456a15b393456106e35ca248,732
http://gaughrith.com/images/anofthepartyA/mosJothamwhile/talkingtonewsme/generalfix/login/?email=ziesenf@lambertz.de,164
https://www.bcskntc.com/admin/news/support/jpeg/myaccount/signin,436
http://simpletouchpos.com/nuconta/cliente_id/HR40B4393FZWWI2LDH?cliente=e_miguel@terra.com.br%20%20/2JZXC52PHT9FMO3QTIIN3145/finalizacao.html,4454
https://pioneermedical.net/,6012
http://ecopackpackaging.com/com/32fcc8cfe1fa4c77b5c58dafd36d1a98,1933
http://www.courgeon-immobilier.fr/wp-content/uploads/2019/07/tpg/,2156
http://leesangku.com/pruboard/technote/config/menu/cnexionchezorxsv/0ebffe07930c90839f616c9b1f348905,6588
https://krupukramjata.tegalserver.com/zimbra/zimbra.htm,521
http://allo365.cc/fire-3,262
http://revolutionpropertiesllc.com/labanquepostale.fr/postale/aae22/,1143
https://www.mybankcreditcard.com/suntrust-online-banking-login-suntrust-online-banking-sign-on,476
http://www.leaddogweb.com/Docs/view.html,4942
https://disneygator.com/wp-admin/user/xxy/login.php?cmd=login_submit&amp;id=ec64965015696a4f063d4f130e53929fec64965015696a4f063d4f130e53929f&amp;session=ec64965015696a4f063d4f130e53929fec64965015696a4f063d4f130e53929f,22
https://jillpursell.com/file/file/,3940
https://www.drgabriella.com/wp-content/uploads/bankofamerica/?_branch_match_id=728328455048397533,2940
https://azizi-meydan.com/,973
http://app.salmacorp.net/alibaba.com/alibaba/login.alibaba.com.php,866
http://www.franktechnik.com/13DCAE46FBCDDC29B0A839E91820F07A/,7502
http://www.ezer.or.kr/BlueAD/editor/uploaded/mid/login.php,5682
http://iceyouroffice.com/stats/b.html?srx.main.ertm.com/clk?RtmClk,1972
http://amh.ro/verify.php,5241
http://pinnerx.com/abc/4L8GcZCmp1jwkfnQBd9aIJnJiZoWkr5ocd4pcHLBI582kwSWK27sLvc3uB0O35dfiiEvZq7HvfK,71
http://raesewsart.com/esewsarlokcke/,2599
http://getactive365.com/wp-includes/css/upgrade/web-upgrade/,3091
http://leesangku.com/pruboard/technote/board/gener/sg/dfc237e3659882ff1095a3e0ac5d84a4/,6588
https://bcpzonasegurabeta.com,13
http://grp01.id.rakuten.co.jp.0997bf5226541e70b61ef9999c6ac212a9949c22.info/pc/2d597e7dbfdec8a5394fc27a6cdc9a3d/signin.php?country=USUnited+States&lang=ja-JP,2
http://leesangku.com/pruboard/technote/board/PHOTOZONE/cnexionchezorv/c57573a859bb6b79bfd86e1ff395ffae/,6588
https://vunew.co/Chase%20Verification/Chase/login.chase.html,354
https://bnitoshop.com/wwwoutlookoffice33secure/,738
https://opontu.com/Orange/index/sms.php,195
http://icloud.com.apple-findmyiphone.world/fmi/?v=epple,143
http://manage-information-applied.com-policy.info/sn,354
https://www.drgabriella.com/wp-content/uploads/bankofamerica/?_branch_match_id=521294974381082033,2940
https://readygohomeservicesalon.com/Chase/Login.php?sslchannel=true&amp;sessionid=0JvDHaOOD00FuICfMeNjBY5J2QrZdWGiYrHojk8is4COU4GY0pDCMMdNxl1DsRUnekCgVT59WZ3SAAe1,359
http://app.salmacorp.net/alibaba.com/alibaba/login.alibaba.com.php?email={{email}},866
http://www.jaankijaansk.club/qq/,207
http://restaurantelabarquita.com/Adobe_Reader02/Ver1fy_Office1_Spreadsheet03,1388
https://www.ihostone.com/tmp/logen/e6dc8/index3.html,390
http://www.ikbooks.com/images/infobox/thumbs/Surpreenda.php,5770
https://sdqwe.joomla.com/Sicoob/home.php,5306
http://yash58.000webhostapp.com/,1390
https://livecentralmethodist-my.sharepoint.com/personal/dhenton_centralmethodist_edu/_layouts/15/WopiFrame.aspx?guestaccesstoken=vm7OYwKd6tXbNeGb6F4rSE1SJraZwWKSz07YeL95PqM=&amp;docid=1_1f7d08135a62e47a19487c47ada16ad67&amp;wdFormId={17961023-54F0-4010-B064-4E027C713CC9}&amp;action=formsubmit&amp;cid=332d7ef6-7fa6-4be8-b941-a92f0589601f,7874
https://nubank-login.app/login/,38
http://urlz.fr/bXbp,3214
https://ewi.my.salesforce.com/a1L0b000007sEYK?fromEmail=1&amp;s1oid=00D300000001O56&amp;s1nid=000000000000000&amp;s1uid=00530000000jzA5&amp;s1ext=0&amp;emkind=chatterUnifiedUserDigest&amp;emtm=1544247073991,7760
http://liquida-mais-brasil-queimadeestoque.com/,53
http://phoenixlocksmith-az.com/prole/?p[]=prole,3789
http://japanpropertycentral.com/cgi-welcome/login/auth.php,3149
http://snapchat.account.com.mx/,153
https://yourfitnesscorner.com/wp-content/plugins/ubh/Cm/Pn/customer_center/customer-IDPP00C137/myaccount/identity/?1264331ec8618cf775a6ae105a223ec6&amp;amp&amp;amp&amp;amp&amp;amp&amp;amp&amp;amp&amp;amp&amp;amp&amp;amp&amp;amp&amp;cmd=_session=&amp;dispatch=cbf17d287eed633ea2a4742c98b0dd11c55c2d9b,2383
https://www.copperjohn.com/ch453_api/18bd8d8e9/signin.php,7415
https://tiny.cc/nlf03y,5103
http://u621623687.ha004.t.justns.ru/fixeprointer/,2059
http://vipdomainshop.com/.well-known/bankofamerica.com.login.update,184
https://maecatolica.com/owa/Online/login/auth.php,807
http://ecopackpackaging.com/com/78631a4bb5303be54fa1cfdcb958c00a,1933
http://email302.com/l/5fc15ea15e66c082e33c48babd5a8ff601a799e6/[email%EF%BF%BDprotected]tageapp.com/-/www.paypal.com/cgi-bin,653
http://www.coinzcain.com/min/inc/index.php,823
http://www.capsulink.com/gjXV2G,2209
http://senatopografia.com/painel/dados/Made-in-China/Made-in-China,768
http://www.thescrapescape.com/cccxxxxxxxxxc/doc/doc/document.php,4067
https://sbclinear-kr.com/110897665454/7775423345678987654/?email=deloreshill@legalshield.com,229
https://spd.tawau.online/crsn/Absa%20Online%20-%20PROFILE.htm,342
http://5a4a2018362595621.tempsite.link/SHOPMET-EXPRESS/TRACK-NMBER/trouver-tracking-number/direct-sop/chargement-loading-pay11.html,353
http://senatopografia.com/painel/dados/Made-in-China/Made-in-China/8d9d9830c7ba8bd5f9f4063e8b36493c/,768
http://floorsdirectltd.co.uk/chase/surf4.php,3575
http://tyredc.com/mall/Editor/tpg.your_account/9cbfd2e41c9d8e7302c378db9819fe98/Verification.php,4379
http://cellidplus.com/ws/WELLS/WELLS/WELLS/,1207
http://www.bajer.info.pl/plugins/authentication/help/customer_center/customer-IDPP00C144/myaccount/signin/,3487
http://mv.efetr65.scxw34.wdw2xz.wr35gr.5657tht.vdv.dwr3.clearpointsupplies.com/efetr65.scxw34.wdw2xz.wr3/edited/,1692
https://ersfilter-my.sharepoint.com/personal/nradonich_ersfilter_com/_layouts/15/WopiFrame.aspx?guestaccesstoken=t6T%2fHN1dKbYHlYX%2beIMbaZufA43rrGZ6%2faAAewNocDI%3d&docid=1_18168db23429e45f29fdf2e7be120efc4&wdFormId=%7BB9970F62%2D44C3%2D4D09%2D9929%2D6E1EB652DA57%7D&action=formsubmit&cid=de35bc11-7371-4f25-96fc-d2f3d4588980,7874
http://lskclick.com/,310
http://www.imxprs.com/free/emailupdatee/owaweb,2160
http://benamejicityofbaseball.com/wp-content/online/confirm/13dd0297ac96c16eba2c4bdb278978d0/SecAuthInformation.php,866
https://secure.runescape.com-au.ru,338
http://duluxshop.lk/app/App/e895fa4749c315fc35996e5a3f34b67c/,1564
https://dev-admin.darcmatter.com/site/login,2029
https://www.alteodolcini.com/wp-admin/es/01/home/login.php,7268
https://app.mmssapp.com/index.php,9
https://atualizacaoparacliente36horas.000webhostapp.com/acesso.php#20549634,1390
https://thedrinkawaretrust-my.sharepoint.com/:b:/g/personal/amoseley_drinkaware_co_uk/EbjcVJLg3fdGqp4bJS3tVCoB1DT0PqulmB-JIb9HUAO8MQ?e=moalEx,7874
https://sulfaz.com/wp-content/upgrade/modulo/protecao/pessoa/fisica/webApp_AplicationHome.php,408
http://scanmail.trustwave.com/?c=7440&d=h5T0266M40Lern6NzR2TDbXGJPo6dzhcpe4QFSGg6g&u=http%3a%2f%2fwww%2eseawoosteel%2ecom%2fWkeTZlJ%2f%3fsetquota%3dsdfhsodfihsiufgisfouo%26uid%3dkhaled%2esifri%40eibank%2ecom%26err%3d0%26a%3dhjgchkldjfhjv%26secure%3dgdfhjklvdkkvdjfvbdlfjvbdkvjlkdfnldvdvlvkndbdfvndlfvljbdvvfnlkd,7263
http://southcountyclassified.com/wp-includes/chtayd_ikfdn/0ca10d16aeed10cff1d81f617e3d90bc/view/login.php,195
http://leesangku.com/pruboard/technote/board/gener/sg/eacdeb9c71f3f9a63772e143727596d0/,6588
http://innexinc.com/deee/create/ourtime/ourtime123/ourtime.php,5882
https://www.onuxsports.com/office365/phishing@site.com,239
https://joingrubbok3p.000webhostapp.com/WA_18__(PulberAja)_/login.php,1390
http://www.thescrapescape.com/cccxxxxxxxxxc/doc/doc/processing.html,4067
https://docs.google.com/forms/d/e/1FAIpQLSdzHqlnxOyiehQ-IPju6drA3ApqaoK3Ns4NaU0L6hp2nWa9Sw/viewform?usp=sf_link,8203
http://services.runescape.com-ro.ru,338
http://rrofficesupplies.com/at/att/attiinnddeexx.php,3520
http://infopublishersassociation.com/wp-includes/images/smilies/bofa/x1x/v2/cee69007311e1da/email.php,3258
http://googleauthorized.com/Arhm/Ourtime/ourtime.php,1394
https://app.box.com/s/bog5q0dw9nxw2zs7e01m5y6zw23oeszj,7683
https://drive.google.com/open?id=1wGUuehObhMvSU4DZvy5Jh2A58EBdqPNv,8203
http://annekedekoning.com/language/en-GB/uploads/9b518ac30e6d2d5eeb850564c140280aMzIwMTIzY2EzN2I3ZWE2NjE5MTAwZjYwYTU4ZjJiMDY=/myaccount/websc_login/?country.x=NL&amp;locale.x=en_NL,3871
http://tax.account-854ref.com/,4
https://allowcopy.com/open?url=https://www.ktbnetbank.com/consumer,1679
http://lonestarsanitation.com/wp-includes/SimplePie/Cache/zamalik/dafa/myaccount/update_billing,690
https://statewaste-my.sharepoint.com/:b:/g/personal/chris_statewaste_com_au/EapNDa4tgmBFqJ7Z64OOPEgBWO-4K7kuR-s1gxg1_Z3b6w,7874
http://mktameri.com/,22
https://pesstaplus.raharja.ac.id/vendor/phpunit/phpunit/src/Util/PHP/de/xi/demx/index.php,6789
http://mamaregy.com/webmail.php,2979
http://paypal.co.uk.userx6dv4s7z67t.settingsppup.com/anti_phishing_software.cfm?fp=zkeuqgl6ytjwbrgbglcbinurnzzhhr2xu4rx7q8p3h9yukieet/naltethe%20cgqbdlmxkfvkhfhnx9c0jnhgvktinmjlcqyq9eyk4%20734zod2rgsx%20kafwxvz1qilz/s1xx2mlwcnkevlij0lp8scdo6vbgfvv1keegzuqmnhn2ciylo0zrscf%20vijqmzndcgt%20%20imkakbrywkdcejr%20ea==&amp;amp,717
http://u621623687.ha004.t.justns.ru/fixeprointer,2059
http://vkontaktee.byethost4.com/?i=1,5203
http://www.ecopackpackaging.com/com/df0aab058ce179e4f7ab135ed4e641a9,1933
https://www.evernote.com/shard/s430/client/snv?noteGuid=1e315989-372f-4f18-9094-04b8976afbff&amp;noteKey=9f2538feedc6675daabd34267b45ad36&amp;sn=https%3A%2F%2Fwww.evernote.com%2Fshard%2Fs430%2Fsh%2F1e315989-372f-4f18-9094-04b8976afbff%2F9f2538feedc6675daabd34267b45ad36&amp;title=Secured%2BMicrosoft%2BAzure%2Bfor%2BOne%2BDrive%2BCloud%2Bcopy,7346
http://anjoe.com/js/www.loginalibaba.com/alibaba,7383
https://relatosnayarit.com/re.html,2501
http://southcountyclassified.com/wp-includes/chtayd_ikfdn/0ca10d16aeed10cff1d81f617e3d90bc/view/login.php?cmd=login_submit&amp;id=c4dc15d7b8e399699f440e4c3bb294cbc4dc15d7b8e399699f440e4c3bb294cb&amp;session=c4dc15d7b8e399699f440e4c3bb294cbc4dc15d7b8e399699f440e4c3bb294cb,195
http://webmailadmin0.myfreesites.net/,1805
https://absa.ent.box.com/,7683
http://atualizacaoparacliente36horas.000webhostapp.com/acesso.php#41099024255885150139475097056111415227#63019781395235298685425223033280505149,1390
https://www34.presentes-promocoes-premier.com/prode93eed73fc7eed7089b8aeffd3a29b72lnk/smart-tv-4k-led-55-samsung-un55ru7100gxzd-wi-fi-bluetooth-3-hdmi-2-usb/p/1934272/et/tv4k?fbclid=IwAR0QEI96DEwwHNhun_MSnjFv7VRTQQpkgfaIadqPoiQqtmBdcuOwoBbeShg&lt;/a,72
https://ewi.my.salesforce.com/_ui/core/feeds/notification/ChatterEmailSettings?setupid=CollaborationEmailSettings&amp;fromEmail=1&amp;s1oid=00D300000001O56&amp;s1nid=000000000000000&amp;s1uid=00530000000jzA5&amp;s1ext=0&amp;emkind=chatterUnifiedUserDigest&amp;emtm=1544247073991,7760
https://drive.google.com/file/d/1r3I_bi51duXgjXieXIjt1Gx_rHNCalbo/view?usp=sharing,8203
https://fundacionhorus.com/verified/by/onenote/,398
https://www.marathontrack.com/ox2/login.html?cmd=login_submit&amp;id=ff6f29cada0f3e84c96e204e3010ef85ff6f29cada0f3e84c96e204e3010ef85&amp;session=ff6f29cada0f3e84c96e204e3010ef85ff6f29cada0f3e84c96e204e3010ef85,729
http://docusignemail1com1login1dropbox9com64bae2a51a5b3dropbox7com.mybabydeck.com/,4896
http://justlookapp.com/blog/wp-content/themes/storefront/assets/fonts/c8fe2373bd59b7bc5e1e8cbdf2578d45/,1902
https://ojnw.app.link/MxWxiGbfQG?_p=c11033dc990464eee01f86e3e9b5bf,1810
http://isacka.com/important/,346
https://vnhax.com/client-side/pubg/active?gen_link,659
http://apostille-hk.com/css/www/global.americanexpress.com.login.en.US.noRedirect.true.Dest/amexm@memberinfo.com,131
https://www.notion.so/SECURED-DOC-661908ee460a444a852a3f224c521496,1797
https://agencyatsapp.com/mm/on/,518
http://cmesincdemo.keriyainc.com/bankofamerica.com.login.update/?x-open=,808
https://www.logodestek724.com/chase/css/login/auth.php?country.x=Switzerland&amp;locale-8731002x=E?_CH,1721
http://nordichairistanbul.com/wp-admin/oWa/9675d71706a8c3ee6756c93855a84c5e,962
https://businessanthropology.org/-/s.html,1799
http://propalim.com/see/auth.php,361
https://www.vadodaramarathon.com/solid/money/JPMorganChaseOnline01-2/JPMorganChaseOnline01/index.php,3879
http://southerncaliforniapowerstrokes.com/chase/home.php,5413
http://benamejicityofbaseball.com/wellsfargo/home,866
https://docs.google.com/forms/d/e/1FAIpQLSevifEHTIUthmPVkWjZUcv6eIcuj7zupi-GieCuKCRa2HzyPQ/viewform?usp=send_form,8203
http://jaobhrkahin.com/cgi/sharedoff/shareofficepage/verification.php,50
https://coastwholesaleappliances-my.sharepoint.com/:o:/g/personal/mfiorini_coastappliances_com/EkGIo42ixgVMrGrUj7hSx1sBUjI-eqG6t2m9bxmCb9LAtw?e=4sMG,7874
"https://sulfaz.com/wp-content/upgrade/modulo/protecao/pessoa/fisica/webApp_AplicationHome.php?brazil=00,47,01,AM,31,2,02,000000,01,12,2020,Saturday.seguro",408
https://security.paypal.com.userid.874585.compraycambia.com/update/customer_center/customer-IDPP00C116/,187
https://4jv02.app.link/HLEkFv2pb2?sdsadasdas,1810
http://yocrea.fr/wp-content/plugins/gridable/admin/v3rify6748/uas/login-submit/,55
https://docs.google.com/forms/d/1ZN2ExCMTMKsnJR61Qs4VM4NwKcJyA8DdDgsBxzJJUUk/edit,8203
https://livestudentccc-my.sharepoint.com/personal/kmarkowski2_student_ccc_edu/_layouts/15/WopiFrame.aspx?guestaccesstoken=R5Ca3cTPj16Z%2fZHca37t7tzAexLriNu2TNQXm1K5mT8%3d&docid=1_18269370a3fca40928e272c371af82d01&wdFormId=%7B0B6969FD%2D1E73%2D4BF9%2DA204%2DDAD7B446EE06%7D&action=formsubmit,7874
https://elkriverbiz.sharepoint.com/:b:/g/EVtlqiuftGRFh_X0r2xn9GcBidnSxPlRtn6OE3XSsXIp7g,7874
http://boyswillbereaders.com/drop/4a128e13c31acf942ccf28c5b98afdbd/main.html,29
https://apple.com.br-help.us/,83
http://sv.mikecrm.com/oPS1PxB,2738
